file,subject,phone_present,yunet_detected,pitch,yaw,roll,fallback_head_present
backface4_000.jpg,backface4,False,True,-10.375240649110841,6.541434285742513,-5.562937076565432,
backface4_001.jpg,backface4,True,True,-6.890063693677721,-3.5761106245280696,-0.8596449016598561,
backface4_002.jpg,backface4,True,True,-9.707861853360935,9.752360417002553,0.35890296811599465,
backface4_004.jpg,backface4,True,True,-7.819177470548077,17.815031989756836,0.22483327304449138,
backface4_006.jpg,backface4,True,True,-8.136673664895254,19.403878505977264,1.8860137247742446,
backface4_007.jpg,backface4,True,False,,,,True
backface4_008.jpg,backface4,False,False,,,,True
backface4_009.jpg,backface4,True,True,-10.161739580948332,7.882046898626862,0.80504651603879,
backface4_010.jpg,backface4,True,True,-20.767913144308675,10.303236349974416,-1.172845332456546,
backface4_011.jpg,backface4,True,False,,,,True
backface4_012.jpg,backface4,True,True,-1.9661180385694148,28.125635147085042,1.8841633479112136,
backface4_013.jpg,backface4,True,True,-5.209507040114162,-23.047855516328564,-6.597323445217247,
backface4_014.jpg,backface4,True,True,8.248720906831721,-26.674234500443266,-7.402744223236799,
backface4_015.jpg,backface4,True,True,-8.585392297096549,-62.3405929969737,-0.8322766481732081,
backface4_016.jpg,backface4,True,True,-20.836173723899158,-40.26938461966583,14.747912507234764,
backface4_017.jpg,backface4,True,True,-22.73149949303151,-69.19971897969148,8.902388982293147,
backface4_018.jpg,backface4,True,True,-14.628307118376375,-68.89204643280542,2.050156787707778,
backface4_021.jpg,backface4,True,True,-1.2496553319208947,43.141426203350385,6.943517568537638,
backface4_022.jpg,backface4,True,True,-3.386889133519791,-21.889891630639514,-1.714121475680224,
backface4_023.jpg,backface4,True,True,-1.4418967307996948,-29.698003901858335,-6.521491930092262,
backface4_025.jpg,backface4,True,False,,,,True
backface4_026.jpg,backface4,False,True,-16.052940747243447,-19.36031200362499,-6.4025782721195235,
backface4_028.jpg,backface4,False,True,-18.25087892705829,4.352962776352797,-2.13570798358763,
backface4_029.jpg,backface4,False,True,-30.49759135723948,-15.589434123699851,-2.6622970341169827,
backface4_031.jpg,backface4,False,False,,,,True
backface4_032.jpg,backface4,False,True,-10.272691000384157,31.266656744884976,-0.05900305737548442,
backface4_034.jpg,backface4,True,True,-9.473101096004411,25.808433607313457,-0.8090498086476116,
backface4_035.jpg,backface4,True,True,-6.823178763055981,23.9175647905034,-0.40041031550869133,
backface4_037.jpg,backface4,True,False,,,,True
backface4_038.jpg,backface4,True,False,,,,True
backface4_039.jpg,backface4,True,True,-0.16029056007036094,55.62918159850501,10.25918867225566,
backface4_040.jpg,backface4,True,True,-5.220932000350722,33.51688469407355,4.682855242566674,
backface4_041.jpg,backface4,True,True,-18.408940737986157,32.26622946059586,-7.000430261158821,
backface4_042.jpg,backface4,False,False,,,,True
backface4_043.jpg,backface4,False,False,,,,True
backface4_044.jpg,backface4,False,False,,,,True
backface4_045.jpg,backface4,False,True,2.9722632988907174,-10.034683368836301,1.4500297464178833,
backface4_046.jpg,backface4,False,True,-2.8203538847363228,7.589101938128859,-1.6575202725200193,
backface4_047.jpg,backface4,False,True,-3.9230918735197147,-0.9103589960223739,-2.1311194788063674,
backface4_048.jpg,backface4,False,True,-16.704037376973957,-5.503969868463444,-4.184341713275052,
backface4_049.jpg,backface4,False,True,-4.103779935324609,-47.89888141384672,2.2566975013057644,
backface4_050.jpg,backface4,False,True,-13.574081067250678,26.94997246543172,-8.381786087515831,
backface4_051.jpg,backface4,False,True,-19.019157764756198,23.89168063942496,-12.710748741527325,
backface4_052.jpg,backface4,False,True,-13.878775452135718,27.38064281950163,-8.632646335614753,
backface4_053.jpg,backface4,False,True,-11.593551739369708,23.249634258600853,-5.972941078062893,
backface4_054.jpg,backface4,False,True,-7.130381766638725,16.733267395397878,0.29718292322034867,
backface4_055.jpg,backface4,False,True,-6.903103091445958,2.256975974540152,-3.124823403978906,
backface4_057.jpg,backface4,False,True,-0.28529204540751896,-15.257674440936166,-0.7336734896068614,
backface4_059.jpg,backface4,False,False,,,,True
backface4_060.jpg,backface4,False,True,-7.804342829056334,19.710603207145756,-0.6185083373836517,
backface4_061.jpg,backface4,True,True,-5.170379351889153,-1.2884786340641963,3.8998020356355716,
backface4_062.jpg,backface4,False,True,-11.84079944703769,17.890218699026505,-1.9184766744130899,
backface4_063.jpg,backface4,False,True,-14.906840443366631,17.140443193882376,-3.464752122017046,
backface4_064.jpg,backface4,False,True,-16.213996376099313,10.50398016037304,-2.854218418222976,
backface4_066.jpg,backface4,False,True,-15.792639335170051,6.301682457805001,-1.1334114161208533,
backface4_067.jpg,backface4,False,False,,,,True
backface4_068.jpg,backface4,False,False,,,,True
backface4_069.jpg,backface4,False,True,-19.968845808657974,34.137041429253635,-12.588719036722196,
backface4_070.jpg,backface4,False,True,-11.467476173817333,33.357686415019685,-2.5976033947781336,
backface4_071.jpg,backface4,False,True,-11.017005288054932,39.710401453073594,-1.9739040501344962,
backface4_072.jpg,backface4,False,True,-24.829670504711736,-7.601405948397302,-0.6099131661104629,
backface4_073.jpg,backface4,False,True,-16.316374195849342,-6.037531638347388,1.1147171553945359,
backface4_074.jpg,backface4,False,True,-19.281932630447166,13.463398158918737,-5.567423264358037,
backface4_075.jpg,backface4,False,False,,,,True
backface4_076.jpg,backface4,False,False,,,,True
backface4_077.jpg,backface4,False,False,,,,True
backface4_078.jpg,backface4,False,False,,,,True
backface4_080.jpg,backface4,True,True,-10.45390434619563,2.3179709380867792,-0.5102457812031199,
backface4_081.jpg,backface4,True,True,-7.0828830262339135,17.822325863975955,2.347200337535107,
backface4_083.jpg,backface4,True,True,-9.60914977159317,-27.730214027819013,-2.813736317950213,
backface4_084.jpg,backface4,False,True,-2.721790410315298,-47.60550179003453,-11.405687080011207,
backface4_085.jpg,backface4,True,True,-13.679011341770511,4.753617377055438,-0.2160797304338706,
backface4_086.jpg,backface4,True,True,-5.11453908968634,16.301029221279844,-1.963011063761399,
backface4_087.jpg,backface4,True,True,-9.820020828747689,-12.441598033867702,0.07601925862371978,
backface4_088.jpg,backface4,False,True,-21.57318072896647,-31.53047103116266,-3.1476553335561013,
backface4_089.jpg,backface4,False,True,-5.242549023448735,-33.79286138792535,-8.258311374596243,
backface4_091.jpg,backface4,True,True,-8.779652833544018,10.902626597480058,-5.710589616901112,
backface4_092.jpg,backface4,False,True,-20.82627588600841,-20.808650074642166,-2.204844085182394,
backface4_093.jpg,backface4,False,True,-9.431382340500981,-57.35136294691614,-3.1959615549121603,
backface4_094.jpg,backface4,True,True,-25.73441551547802,-9.442042671731906,3.6345825157517324,
backface4_095.jpg,backface4,True,True,-8.15577791699089,13.9104984251932,-7.39020534565709,
backface4_096.jpg,backface4,True,True,-7.341707398283441,16.096904616545757,-2.1681766237225473,
backface4_097.jpg,backface4,True,True,-13.589703297427326,2.4543630813954675,-0.3298045960625496,
backface4_098.jpg,backface4,False,True,-11.367234760300995,-38.86253351568043,6.795117892288961,
backface4_099.jpg,backface4,True,False,,,,True
backface_100_000.jpg,backface,False,True,-28.851507483352677,4.840063836554723,-3.1997747780116286,
backface_100_001.jpg,backface,False,True,-30.748718122823586,-2.3093418266094434,-4.775087078537876,
backface_100_002.jpg,backface,False,True,-27.253691691415668,-24.93180054677744,-6.148598465075112,
backface_100_003.jpg,backface,False,True,-13.211105680554214,-31.939195916280955,-8.10923741598018,
backface_100_004.jpg,backface,True,True,-35.319214959082636,-7.550872942788786,-0.6184602012938316,
backface_100_005.jpg,backface,True,True,-19.43024245904633,15.635847105687988,9.160826752516066,
backface_100_006.jpg,backface,True,True,-12.347510269838498,34.97115802363403,6.404097875541814,
backface_100_007.jpg,backface,True,True,-9.48493929703527,44.48741225724524,9.52766072380508,
backface_100_008.jpg,backface,True,True,-5.286031109341712,52.632223365902334,16.124392353355038,
backface_100_009.jpg,backface,True,True,-10.808542124853487,53.905091802401834,1.396878710612118,
backface_100_010.jpg,backface,False,True,-13.765755789414886,50.46829792955036,3.4802000999473997,
backface_100_011.jpg,backface,False,True,-25.86244601854339,13.875761873109266,6.130219326770181,
backface_100_012.jpg,backface,False,False,,,,True
backface_100_013.jpg,backface,False,False,,,,True
backface_100_014.jpg,backface,False,False,,,,True
backface_100_017.jpg,backface,False,True,-8.852427285701731,-14.626620876842104,2.120543380285348,
backface_100_018.jpg,backface,False,False,,,,True
backface_100_020.jpg,backface,False,True,-36.68877676500936,2.9051056233995673,-0.8643317034771288,
backface_100_021.jpg,backface,False,True,-35.54505157389028,3.545599174486972,-1.084874920021032,
backface_100_022.jpg,backface,False,True,-23.413274561544895,12.166214158136192,3.4303038987802466,
backface_100_023.jpg,backface,False,True,-31.63840202116107,7.420843806795219,-1.3728671486230506,
backface_100_024.jpg,backface,False,True,-22.38279127595191,25.642622402615466,8.879420201232893,
backface_100_025.jpg,backface,False,True,-12.392177213433106,41.55978396537248,12.796742071328634,
backface_100_028.jpg,backface,False,True,-14.968273131596444,38.86389353902094,13.280208348402773,
backface_100_029.jpg,backface,False,True,-0.07679146245034917,50.46043912406785,29.280378017124015,
backface_100_030.jpg,backface,False,True,-17.2372624631426,38.62882361886078,8.229660569465704,
backface_100_031.jpg,backface,False,True,-3.969198164647525,49.6700632521792,22.999964773361707,
backface_100_032.jpg,backface,True,True,-4.195537324561019,32.13243252281366,2.5830613442702344,
backface_100_033.jpg,backface,True,True,-10.955551002875948,26.199734264141718,1.9991716515632252,
backface_100_034.jpg,backface,True,True,-36.57513831448074,0.27614715452049693,-0.5936348060283484,
backface_100_035.jpg,backface,True,True,-33.67658136249085,0.4618521579608486,0.254865331600822,
backface_100_036.jpg,backface,True,True,-23.180527457077606,-18.070751645861836,0.410810183913805,
backface_100_038.jpg,backface,False,True,-13.459559690835874,-20.128092025647366,-9.865483566935884,
backface_100_039.jpg,backface,False,True,-3.459425611214887,-60.071920055008455,-15.458280671468144,
backface_100_040.jpg,backface,True,True,-34.61648341470497,0.6060297658375701,1.4156485980141154,
backface_100_041.jpg,backface,True,True,-15.23174099004518,26.741284824024724,10.31405367234166,
backface_100_043.jpg,backface,False,False,,,,True
backface_100_044.jpg,backface,False,False,,,,True
backface_100_045.jpg,backface,False,True,-35.70445318819165,11.799640672848366,3.4469062654986975,
backface_100_046.jpg,backface,False,True,-42.12312847666892,-6.044855088836849,-2.499434191878429,
backface_100_047.jpg,backface,False,True,-13.606380010669557,-26.577169785283296,-11.75819030799791,
backface_100_048.jpg,backface,False,False,,,,True
backface_100_049.jpg,backface,False,False,,,,True
backface_100_051.jpg,backface,False,False,,,,True
backface_100_052.jpg,backface,False,False,,,,True
backface_100_054.jpg,backface,False,False,,,,True
backface_100_055.jpg,backface,False,False,,,,True
backface_100_056.jpg,backface,False,True,-39.39923386283274,-6.869056024627168,-0.8315740610592932,
backface_100_057.jpg,backface,False,True,-41.31588064782101,-6.174381970093118,-2.622286184688181,
backface_100_058.jpg,backface,False,True,-35.230084783720756,-0.9346357986206248,-0.5105595231456218,
backface_100_059.jpg,backface,False,True,-36.12710721154004,-2.638547402980786,1.9784917887491196,
backface_100_060.jpg,backface,False,True,-19.79806667836183,27.540100171932224,1.33437910865003,
backface_100_061.jpg,backface,False,True,-18.4527012091607,43.373516453714146,8.39231390715832,
backface_100_062.jpg,backface,False,True,-6.18305162663951,44.76888415691764,23.735042334741163,
backface_100_064.jpg,backface,False,False,,,,True
backface_100_065.jpg,backface,False,False,,,,True
backface_100_067.jpg,backface,False,True,-36.66248537605885,3.2750355031046054,1.27877372786646,
backface_100_068.jpg,backface,False,True,-41.10078055966379,-4.679770362681131,-0.6337454921298038,
backface_100_070.jpg,backface,False,True,-42.43852731994398,-7.712702131989409,-1.9577218464392185,
backface_100_071.jpg,backface,False,True,-45.45167259572916,-6.022208954394073,-0.8418511772984711,
backface_100_072.jpg,backface,False,False,,,,True
backface_100_073.jpg,backface,False,True,-12.5303429824777,-46.099952584500826,-11.013873547299852,
backface_100_074.jpg,backface,False,True,-5.909049319374232,-71.33715790025855,-16.883141850292276,
backface_100_075.jpg,backface,False,True,-1.780012512157949,-69.99372363117567,-24.04851623669718,
backface_100_076.jpg,backface,False,True,4.1083772233484455,-68.70658396334665,-25.768767000252037,
backface_100_077.jpg,backface,False,False,,,,True
backface_100_078.jpg,backface,False,False,,,,True
backface_100_079.jpg,backface,False,False,,,,True
backface_100_080.jpg,backface,False,True,-26.286118639750974,-18.855127830021605,-3.242369034861239,
backface_100_081.jpg,backface,False,True,-35.30530690179575,-19.78755686408279,-1.770504475823904,
backface_100_082.jpg,backface,False,True,-26.206079491148554,12.92820512802548,-3.679639970365286,
backface_100_084.jpg,backface,False,True,-27.211022985014168,10.804386425559718,-5.8798757844352005,
backface_100_086.jpg,backface,False,True,-33.66875880647329,1.6356006910197176,-3.852015340568947,
backface_100_088.jpg,backface,False,True,-28.698951935602896,9.538987964397617,-4.634237731618706,
backface_100_089.jpg,backface,False,True,-26.668688388404377,10.963484002498438,-5.599449698579944,
backface_100_090.jpg,backface,False,True,-30.43701371386021,-0.16086043034662337,-2.6063969024287608,
backface_100_091.jpg,backface,True,True,-32.30986344377511,-4.910992024296923,-4.6908311196942885,
backface_100_092.jpg,backface,True,True,-12.419580301595474,15.759397750017287,-1.055713473121183,
backface_100_093.jpg,backface,True,True,-8.32194507195393,39.12780415580763,2.02865410932599,
backface_100_094.jpg,backface,True,True,-16.460880929023702,24.164600981490405,3.246675578680787,
backface_100_095.jpg,backface,True,True,-16.33357180928093,23.094323026772077,3.6112700020195536,
backface_100_096.jpg,backface,True,True,-19.26612989422489,23.27806981566667,5.73018557845944,
backface_100_097.jpg,backface,True,True,-16.039849399881682,20.161313711942167,6.653109759232337,
backface_100_098.jpg,backface,True,True,-22.951709781430143,19.45890433444283,6.2620248691223335,
backface_100_099.jpg,backface,True,True,-18.670415698873033,22.393702799382645,6.561982084353917,
backface_100_100.jpg,backface,True,True,-20.70350818607023,20.543980060403,2.929808787111247,
backface_capture_02.jpg,backface,False,True,-33.54512850492533,-19.659930335698665,0.29506980605727096,
backface_capture_03.jpg,backface,True,True,-14.400800440048927,1.311302105044617,-0.40210903879572796,
backface_capture_04.jpg,backface,True,True,-24.393953270987595,15.12567416433969,-0.9447348329731499,
backface_capture_05.jpg,backface,True,True,-13.534115842037966,-6.88681617924586,2.552136969246076,
backface_capture_06.jpg,backface,True,True,-11.362517221655471,-20.44684712705603,-2.9598389011453574,
backface_capture_07.jpg,backface,True,True,-12.109870409120491,-21.642985118344676,-0.43797338320714785,
backface_capture_08.jpg,backface,True,True,-12.930442439360071,-20.186078116948607,0.22783372527703383,
backface_capture_09.jpg,backface,True,True,-5.65124007157621,-14.21463568250932,-0.27413393541922265,
backface_capture_10.jpg,backface,True,True,-23.737711192994226,-22.400308206845366,1.6038406584485763,
backface_capture_11.jpg,backface,True,True,-7.488565236156918,-21.430089909712414,-0.2657855326490125,
backface_capture_12.jpg,backface,True,True,-6.811302669424001,-26.263026252542925,-3.4859884737674296,
backface_capture_13.jpg,backface,True,True,-23.075253542149156,-20.011456144761656,0.22618207157445216,
backface_capture_14.jpg,backface,True,True,-10.727972367047983,6.753514818464716,5.384984373207573,
backface_capture_15.jpg,backface,True,True,-9.07950317531243,-14.410019503451952,3.4356883552373345,
backface_lit2_01.jpg,backface,True,True,-28.81133208084625,1.0588570830286446,-0.19034461706847097,
backface_lit2_02.jpg,backface,True,True,-37.5146950494443,3.284856175434728,-2.919387768791571,
backface_lit2_03.jpg,backface,True,True,-34.363194429223256,-3.538540025558274,-5.4632927663874895,
backface_lit2_04.jpg,backface,True,True,-16.99344810101894,2.6337205378528905,-3.3365060706789635,
backface_lit2_05.jpg,backface,True,True,-24.28865756002928,-1.1291840890721832,-2.233867842115989,
backface_lit2_06.jpg,backface,True,True,-28.20378244963093,1.0909554564311392,-0.38717925258616087,
backface_lit2_07.jpg,backface,True,True,-27.41408845379506,-0.8341754396998773,-2.0163357842852196,
backface_lit2_08.jpg,backface,True,True,-30.065420346184695,-0.5302354801361762,0.2912029726352897,
backface_lit2_09.jpg,backface,True,True,-30.67556397392138,-2.3411051214635528,3.5667175776757354,
backface_lit2_11.jpg,backface,True,True,-34.662545546543136,-6.7918378717964485,1.875018738951406,
backface_lit2_12.jpg,backface,True,True,-37.745962683181645,-7.810675095795161,-1.7063320634432815,
backface_lit2_13.jpg,backface,True,True,-22.401675959143997,-40.589921226399504,-4.217969190782732,
backface_lit2_14.jpg,backface,False,True,-27.381752630796747,-26.489809813233567,1.1548471015774555,
backface_lit2_15.jpg,backface,True,True,-25.093219577194667,10.988301246403594,9.00958396432377,
subject01_frame00000.jpg,subject01,False,True,-41.67985002024102,1.939461543016476,0.2306280089159083,
subject01_frame00015.jpg,subject01,False,False,,,,True
subject01_frame00031.jpg,subject01,False,True,-19.993025692376207,17.88758593242269,-3.5697459777549723,
subject01_frame00046.jpg,subject01,False,True,-35.680891591421265,18.70834951209176,1.4920519844914188,
subject01_frame00062.jpg,subject01,False,True,-35.23789286854613,15.285759867425416,-8.981456278035003,
subject01_frame00077.jpg,subject01,False,True,-27.653161547007347,4.49817562869346,-5.317103301087697,
subject01_frame00093.jpg,subject01,False,False,,,,True
subject01_frame00095.jpg,subject01,False,True,-31.256494229030412,6.419540092125755,-10.31309475858458,
subject01_frame00096.jpg,subject01,True,True,-41.85235210136465,-6.13958735386577,-9.96131374453385,
subject01_frame00098.jpg,subject01,False,True,-54.288975355866796,-1.0667017237004817,-7.007645116856331,
subject01_frame00100.jpg,subject01,False,True,-38.799926228631975,0.8839907414494091,-5.177913762174874,
subject01_frame00102.jpg,subject01,False,True,-39.29556410953926,-6.594688691935786,-8.326948541783883,
subject01_frame00104.jpg,subject01,False,False,,,,True
subject01_frame00105.jpg,subject01,False,False,,,,True
subject01_frame00107.jpg,subject01,False,True,-41.28251208272705,14.665313351256879,-1.7251089724038198,
subject01_frame00109.jpg,subject01,False,True,-21.707321106231724,11.7231371873628,-1.5515009128555053,
subject01_frame00111.jpg,subject01,True,True,-41.584141599883694,-0.7137869485434685,-2.7270019150243265,
subject01_frame00114.jpg,subject01,False,True,-39.40788311145166,1.2335038023325253,-6.197316040131595,
subject01_frame00116.jpg,subject01,False,True,-29.38116089300113,1.3813693828047438,-0.8553163808454667,
subject01_frame00118.jpg,subject01,False,True,-36.942791556330846,1.9431007760711128,-6.307578774933948,
subject01_frame00120.jpg,subject01,False,True,-32.5286596789533,0.9162126893707595,1.4961537528294495,
subject01_frame00122.jpg,subject01,False,False,,,,True
subject01_frame00127.jpg,subject01,False,False,,,,True
subject01_frame00129.jpg,subject01,False,True,-51.164626425195706,-0.3551351300798125,-2.72512159659048,
subject01_frame00131.jpg,subject01,False,False,,,,True
subject01_frame00132.jpg,subject01,False,True,-39.54247496619832,-8.777546406030261,-2.594061613865203,
subject01_frame00134.jpg,subject01,False,True,-33.54249468400561,-5.97385988195836,-2.9628298180509245,
subject01_frame00136.jpg,subject01,False,True,-38.22132045227249,-0.31672818235650596,-1.2065941657674917,
subject01_frame00138.jpg,subject01,False,True,-28.17982769294374,-8.432438228039157,-7.792383502507402,
subject01_frame00140.jpg,subject01,False,True,-38.6849263608053,-5.225435521399478,-7.097789491170675,
subject01_frame00141.jpg,subject01,False,True,-42.350742206638884,-7.264512084133587,-1.6078686384794982,
subject01_frame00143.jpg,subject01,False,True,-40.68205986472744,4.057310526540167,-4.163341597176742,
subject01_frame00147.jpg,subject01,False,True,-37.469578960765695,17.32633967711777,-4.703304558737502,
subject01_frame00149.jpg,subject01,False,True,-31.69283627266941,23.00418574216851,-0.16189796101621412,
subject01_frame00151.jpg,subject01,False,True,-33.27877686321926,23.763615720279955,-0.6788324125412019,
subject01_frame00152.jpg,subject01,False,True,-30.414875614404853,26.135885023149342,-3.0507310926784363,
subject01_frame00154.jpg,subject01,False,True,-32.35921855318301,23.978774780043363,-1.2024754902141241,
subject01_frame00156.jpg,subject01,False,True,-28.201175323059253,25.9714264573203,1.2212714589126872,
subject01_frame00158.jpg,subject01,False,True,-36.55981628015057,18.736744175458725,-3.6391600747129416,
subject01_frame00160.jpg,subject01,False,True,-18.612610874171462,3.9250405661588297,-1.46477296686708,
subject01_frame00162.jpg,subject01,False,True,-39.34225537986754,12.043377660839493,-3.8715785804543352,
subject01_frame00165.jpg,subject01,False,True,-17.251948499952153,5.3614047420958135,-1.2732437237330152,
subject01_frame00167.jpg,subject01,True,True,-39.88358549033472,12.704158946981202,-3.5444855563962023,
subject01_frame00169.jpg,subject01,False,True,-9.8145766908003,4.709551809053657,-2.824155791019059,
subject01_frame00171.jpg,subject01,False,True,-27.041754703442777,16.79691221255526,-6.345289864430209,
subject01_frame00172.jpg,subject01,False,True,-53.69768415669286,9.504673883871916,-2.4175676538230224,
subject01_frame00174.jpg,subject01,True,True,-25.666122410012907,0.5484826456285599,-6.407079105668516,
subject01_frame00176.jpg,subject01,True,True,-47.34293309788494,10.782761909495752,-3.356889803360798,
subject01_frame00178.jpg,subject01,False,True,-41.91901126759175,4.982797201682514,-2.1761490010770284,
subject01_frame00185.jpg,subject01,True,True,-27.030875388637945,-8.92403362004677,-5.151713288880918,
subject01_frame00187.jpg,subject01,False,True,-32.42105131453208,8.650718654827916,-1.1618020112830165,
subject01_frame00189.jpg,subject01,False,True,-32.102412594090644,11.022787998778488,-3.0854589444323706,
subject01_frame00190.jpg,subject01,False,True,-30.378625854547597,14.22921333308947,-4.511786192239024,
subject01_frame00192.jpg,subject01,True,True,-39.28140699492107,12.529421855516315,-6.8417840224001205,
subject01_frame00194.jpg,subject01,False,True,-29.104495141375132,11.6830030602895,-2.7777395705793224,
subject01_frame00196.jpg,subject01,False,True,-18.039018506461932,15.923470719107497,1.1096334530367018,
subject01_frame00198.jpg,subject01,False,True,-32.95115284829658,13.500703403449265,-4.634878140560431,
subject01_frame00199.jpg,subject01,True,True,-43.45837272972567,12.164608898346945,-3.0781575254647726,
subject01_frame00203.jpg,subject01,False,True,-28.890095615825242,12.178821887036229,-5.802886126248802,
subject01_frame00205.jpg,subject01,True,True,-30.797354414121898,2.3065732327550754,-6.344535953541206,
subject01_frame00210.jpg,subject01,True,True,-40.96396707190964,8.960034743107041,-6.748691165635151,
subject01_frame00212.jpg,subject01,True,True,-37.282307591804916,6.375463415135,-5.2946125938823005,
subject01_frame00214.jpg,subject01,True,True,-43.6894609938627,17.16287600903255,0.7039790687041171,
subject01_frame00216.jpg,subject01,False,True,-33.65093765728105,5.5000598248465655,0.6643240286662508,
subject01_frame00218.jpg,subject01,False,True,-27.70237201817695,2.184898281795295,-0.12689445385375633,
subject01_frame00221.jpg,subject01,True,True,-19.567854458884156,-3.027228261505634,0.9319880124412426,
subject01_frame00223.jpg,subject01,False,True,-11.873263479416783,-7.455481863750545,-2.1133916956951015,
subject01_frame00225.jpg,subject01,True,True,-21.671276566226755,-8.769959713808246,0.41821450058134035,
subject01_frame00228.jpg,subject01,True,True,-46.62238984955307,5.828479133379202,-4.56647856004417,
subject01_frame00230.jpg,subject01,False,True,-34.019389920371104,14.381022777296762,-3.96930336820135,
subject01_frame00242.jpg,subject01,False,True,-49.81204434118785,11.505127979478905,-1.5723134460319765,
subject01_frame00273.jpg,subject01,True,False,,,,True
subject01_frame00289.jpg,subject01,True,True,-31.356187571963137,23.163551467806847,-6.487207332724416,
subject01_frame00353.jpg,subject01,True,True,-32.02390547087818,-5.917163910056307,-6.690699169086304,
subject01_frame00370.jpg,subject01,True,True,-37.82356842366298,3.2297556856769356,-2.258727622729856,
subject01_frame00372.jpg,subject01,False,True,-32.48412387105768,4.446871713632543,-2.6839121470005702,
subject01_frame00373.jpg,subject01,False,True,-33.959253848445435,4.158420404592218,-0.8730514617549044,
subject01_frame00375.jpg,subject01,False,True,-38.04024754131794,1.002457996758805,-8.32985267705091,
subject01_frame00377.jpg,subject01,False,True,-39.01723867355886,3.1578029293475978,-0.7222325990798363,
subject01_frame00379.jpg,subject01,True,True,-40.148999610150575,-9.266538850367125,-6.1529042086427,
subject01_frame00381.jpg,subject01,False,True,-31.48814857699464,-16.298738785569675,-9.386131711282694,
subject01_frame00382.jpg,subject01,False,True,-54.274803731280855,-11.588813581806507,-7.839831323808998,
subject01_frame00384.jpg,subject01,False,True,-37.39879002303171,-0.8838281521666629,-6.524905606919828,
subject01_frame00386.jpg,subject01,False,True,-38.990105053656194,-2.0193229361237846,-9.973537884853018,
subject01_frame00388.jpg,subject01,False,True,-47.04568609215476,2.1208074520715448,-2.2947327665843638,
subject01_frame00390.jpg,subject01,False,True,-31.697256028132035,3.170064960952044,3.1385246194414123,
subject01_frame00391.jpg,subject01,False,True,-31.556641848703503,4.142604252393193,2.455954069584502,
subject01_frame00393.jpg,subject01,False,True,-23.528003292549734,6.650576548414829,4.500357954833428,
subject01_frame00395.jpg,subject01,False,True,-42.06348402967165,6.52366744816615,6.645684533674044,
subject01_frame00397.jpg,subject01,False,True,-32.25376585484583,2.1377909271480338,-2.1227627816012204,
subject01_frame00400.jpg,subject01,True,True,-54.308988516766235,-7.656471707246071,-2.889683853526581,
subject01_frame00402.jpg,subject01,False,True,-34.1336063765883,-10.466707401198207,-2.7977841003437,
subject01_frame00404.jpg,subject01,False,True,-23.863317535902127,8.83389923001399,7.733620487965946,
subject01_frame00406.jpg,subject01,False,True,-27.934929071814448,3.385522102137185,2.1474442671898752,
subject01_frame00408.jpg,subject01,False,True,-51.22080978608369,-8.972039845559365,-8.591199306275806,
subject01_frame00411.jpg,subject01,True,True,-20.81934927016532,8.824722829069048,-5.308357996270071,
subject01_frame00427.jpg,subject01,True,True,-26.414467663689432,1.8702611063422017,0.7447803545134523,
subject01_frame00442.jpg,subject01,False,True,-44.49969034460889,12.15053094549082,-2.706728666843736,
subject01_frame00458.jpg,subject01,True,False,,,,True
subject01_frame00473.jpg,subject01,False,False,,,,True
subject01_frame00504.jpg,subject01,False,True,-29.800398077464592,18.87561968470679,-2.8244917151301214,
subject01_frame00535.jpg,subject01,True,False,,,,True
subject01_frame00566.jpg,subject01,True,True,-23.032617579461835,13.436062024765365,-8.300882518952514,
subject01_frame00570.jpg,subject01,True,True,-27.78807690727182,19.241176854506058,-7.9945108314303654,
subject01_frame00571.jpg,subject01,True,True,-40.04701546101208,-0.0401785653170199,-3.0680340985657235,
subject01_frame00573.jpg,subject01,True,True,-35.80049138125477,2.1234322296571166,-5.914418142087947,
subject01_frame00575.jpg,subject01,True,True,-31.510933673950294,1.5912127025042422,-3.9697678930121127,
subject01_frame00577.jpg,subject01,True,True,-28.6784849097798,0.19499897958417806,-5.69179146269861,
subject01_frame00580.jpg,subject01,True,True,-32.307188171481165,0.9915398997038488,-2.3005767634599805,
subject01_frame00582.jpg,subject01,True,True,-41.497916440911055,7.315392981850042,-5.245673386558576,
subject01_frame00584.jpg,subject01,True,True,-31.871443569298012,2.6074680586007304,-1.2134969222338383,
subject01_frame00586.jpg,subject01,False,True,-27.125594985026265,10.742463721230145,-4.856126680568619,
subject01_frame00588.jpg,subject01,False,True,-49.60635831397042,8.586873104468541,-3.5154874812038335,
subject01_frame00589.jpg,subject01,True,True,-35.35511654025925,7.660806529132605,0.3930336171503705,
subject01_frame00591.jpg,subject01,True,True,-35.1636553269263,9.356623023128344,-3.7928656227399697,
subject01_frame00593.jpg,subject01,True,True,-15.045135597252314,5.0828983271014225,2.364138621727858,
subject01_frame00595.jpg,subject01,True,True,-52.937724695062,-0.5736901563009954,-5.397413126800223,
subject01_frame00597.jpg,subject01,True,True,-52.25735141617492,-0.5599372731782253,-7.623071566353127,
subject01_frame00598.jpg,subject01,True,True,-50.94657921380847,-0.8593845283149675,-5.954992863358698,
subject01_frame00600.jpg,subject01,True,True,-51.31388171820832,1.6514241437846409,-4.848855505434056,
subject01_frame00604.jpg,subject01,True,True,-28.503049913667414,-2.812844663502709,-1.9638277250518534,
subject01_frame00606.jpg,subject01,False,True,-16.2755863500351,0.4218892070851524,-3.0272068339546725,
subject01_frame00607.jpg,subject01,True,True,-37.061089065824156,1.6377099797047747,-3.340439970697906,
subject01_frame00609.jpg,subject01,False,True,-44.728884170048545,6.826604373367274,2.183979490581035,
subject01_frame00611.jpg,subject01,True,True,-16.69041960653282,9.865040680495245,-4.9157845326506555,
subject01_frame00626.jpg,subject01,True,True,-50.074988938116824,7.70989239137995,-0.4600728345613763,
subject01_frame00632.jpg,subject01,False,True,-21.956950016606612,2.0333648838496807,-3.5655437477653105,
subject01_frame00634.jpg,subject01,True,True,-21.801308951533876,14.57120034342127,-3.734433863496462,
subject01_frame00636.jpg,subject01,True,True,-23.646947211530208,13.59064601495105,0.548533820167472,
subject01_frame00637.jpg,subject01,False,True,-29.025372274596176,11.82374792016717,-2.014545924481261,
subject01_frame00639.jpg,subject01,True,True,-44.57836291445112,-1.278145454774298,-3.21040926934243,
subject01_frame00641.jpg,subject01,False,True,-30.095915016167304,11.550967797654343,-6.348171958713132,
subject01_frame00643.jpg,subject01,False,True,-27.749785083666723,9.569265452790956,-5.581683867078656,
subject01_frame00645.jpg,subject01,False,True,-33.291929302521595,6.387455661062203,-4.202067383159561,
subject01_frame00646.jpg,subject01,False,True,-30.500333611470484,6.7118315965074355,-0.36829272371558003,
subject01_frame00648.jpg,subject01,False,True,-23.417918006011575,-3.2031452549102992,-3.2963363753361845,
subject01_frame00650.jpg,subject01,False,True,-13.142636090873808,4.077704347050358,-3.3916840219199487,
subject01_frame00652.jpg,subject01,False,True,-41.032549738514824,6.339606731469827,-5.941300437340166,
subject01_frame00672.jpg,subject01,False,True,-51.16954656073514,0.38108682691729906,-4.114135390615366,
subject01_frame00688.jpg,subject01,True,True,-37.64535566502964,-4.6886333369708915,-13.557788132776825,
subject01_frame00703.jpg,subject01,True,True,-52.17671624438536,3.115323315928921,-2.5346240874309265,
subject01_frame00734.jpg,subject01,False,True,-50.615625667769194,3.8646270709046444,-2.9253217174632233,
subject01_frame00750.jpg,subject01,True,True,-49.436606104550194,3.347766426852495,-6.103687410918995,
subject01_frame00765.jpg,subject01,True,True,-49.454872586218805,-6.46404181398165,-7.140045562195298,
subject01_frame00767.jpg,subject01,False,True,-31.139101088844264,-5.350614000607216,-8.521906797231315,
subject01_frame00769.jpg,subject01,False,True,-29.769108315523095,3.08496917648688,-9.172656024468907,
subject01_frame00771.jpg,subject01,True,False,,,,True
subject01_frame00773.jpg,subject01,False,False,,,,True
subject01_frame00774.jpg,subject01,True,False,,,,True
subject01_frame00776.jpg,subject01,True,False,,,,True
subject01_frame00778.jpg,subject01,False,True,-33.245640460891366,4.20896388117803,-0.981188499179724,
subject01_frame00794.jpg,subject01,False,True,-30.033599087308883,-0.5285360834350481,-5.977338919355427,
subject01_frame00796.jpg,subject01,True,True,-25.508141437253954,-8.629933611176115,-5.04015205282147,
subject01_frame00798.jpg,subject01,True,True,-39.24135679983153,2.037642431619488,-3.580589927555058,
subject01_frame00800.jpg,subject01,True,True,-40.153457426672574,1.6779036018974456,-3.0903771539338702,
subject01_frame00801.jpg,subject01,False,True,-40.15459638739142,-0.28425752222181494,-0.8787856446372533,
subject01_frame00803.jpg,subject01,False,False,,,,True
subject01_frame00809.jpg,subject01,False,True,-26.03363325441452,9.572574440196638,2.3184860621247623,
subject01_frame00810.jpg,subject01,False,False,,,,True
subject01_frame00812.jpg,subject01,False,False,,,,True
subject01_frame00816.jpg,subject01,False,True,-37.55259361843015,2.0009051179516892,-5.394912409387459,
subject01_frame00818.jpg,subject01,False,True,-36.76355646626191,1.1119665934645315,-6.416722120551012,
subject01_frame00833.jpg,subject01,False,True,-41.175241014614926,7.134005653045125,2.0917659165749067,
subject01_frame00849.jpg,subject01,False,True,-34.975449333368275,5.21222377479461,-4.495871485325751,
subject01_phonewin_0302.00s.jpg,subject01,True,True,-35.42843806387703,19.32978896854675,-5.1214594682096894,
subject01_phonewin_0302.20s.jpg,subject01,True,True,-38.57607757835628,17.986789016607712,-6.325227518438897,
subject01_phonewin_0302.40s.jpg,subject01,True,True,-37.49609312625544,16.407640804426528,-8.039339155913853,
subject01_phonewin_0302.80s.jpg,subject01,True,True,-41.96302090662218,15.580736096051282,-8.001793856628817,
subject01_phonewin_0303.20s.jpg,subject01,True,True,-42.17959302667569,17.166501038809297,-8.792058284358705,
subject01_phonewin_0303.40s.jpg,subject01,True,True,-41.49240870294303,16.2052776535064,-8.613141912867423,
subject01_phonewin_0303.60s.jpg,subject01,True,True,-43.89492372935593,14.062805373336948,-8.622515613441244,
subject01_phonewin_0303.80s.jpg,subject01,True,True,-43.11678750516952,15.335762248768667,-7.00205589535245,
subject01_phonewin_0304.00s.jpg,subject01,True,True,-42.38774467035622,16.004650034138937,-7.116906330145288,
subject01_phonewin_0304.20s.jpg,subject01,True,True,-39.75596121218866,16.162763090018554,-7.829179245201566,
subject01_phonewin_0304.40s.jpg,subject01,True,True,-39.85784299219475,15.326132842361586,-7.291103212488228,
subject01_phonewin_0304.60s.jpg,subject01,True,True,-39.57654808284768,16.73005006565925,-5.557956132123354,
subject01_phonewin_0304.80s.jpg,subject01,True,True,-39.95672054728666,16.89157676816344,-4.144132419619523,
subject01_phonewin_0305.00s.jpg,subject01,True,True,-43.30174772207907,15.965601345132278,-5.097055672413369,
subject01_phonewin_0305.20s.jpg,subject01,True,True,-42.02900186497285,15.796912975633498,-4.585075899146359,
subject01_phonewin_0305.40s.jpg,subject01,True,True,-41.19942626103395,16.82825517387957,-5.278551001009781,
subject01_phonewin_0305.60s.jpg,subject01,True,True,-37.39091882341677,16.512035310841185,-6.284285902518349,
subject01_phonewin_0305.80s.jpg,subject01,True,True,-40.04225237159142,15.853840426817344,-5.246192703508749,
subject01_phonewin_0306.00s.jpg,subject01,True,True,-33.53946599586701,17.250377942413266,-5.788522668466982,
subject01_phonewin_0306.20s.jpg,subject01,True,True,-41.511190937783596,15.466353544922807,-4.686804116353207,
subject01_phonewin_0306.40s.jpg,subject01,True,True,-42.77208053511937,15.829012485646713,-5.640221273906519,
subject01_phonewin_0306.60s.jpg,subject01,True,True,-30.330929653852355,21.675177042455854,-3.9234380940439992,
subject01_phonewin_0307.00s.jpg,subject01,True,True,-42.857697352325346,16.743762730309154,-6.317954509156276,
subject01_phonewin_0307.40s.jpg,subject01,True,True,-40.788738856865,17.91837202353827,-6.53807944082599,
subject01_phonewin_0307.60s.jpg,subject01,True,True,-44.086717524281,15.853471023700035,-5.344611772293261,
subject01_phonewin_0307.80s.jpg,subject01,True,True,-40.733099878056116,17.743071776663797,-5.010783913812387,
subject01_phonewin_0308.00s.jpg,subject01,True,True,-42.81370892340902,16.887802134477617,-4.9657118305009575,
subject01_phonewin_0308.20s.jpg,subject01,True,True,-45.1553523509145,16.02289091482733,-4.4635637132483295,
subject01_phonewin_0308.40s.jpg,subject01,True,True,-44.46554252755282,16.09446448163065,-4.335417658277021,
subject01_phonewin_0308.60s.jpg,subject01,True,True,-42.7714273223862,16.425635589120823,-5.109455532390238,
subject01_phonewin_0308.80s.jpg,subject01,True,True,-40.29890263555087,17.571228266520627,-4.948704752660145,
subject01_phonewin_0309.20s.jpg,subject01,True,True,-40.38099710872163,17.59883651467016,-5.319392911986868,
subject01_phonewin_0309.40s.jpg,subject01,True,True,-44.055870634987464,15.957634081421103,-5.725501986939037,
subject01_phonewin_0309.60s.jpg,subject01,True,True,-45.266037262426075,14.695316822764092,-4.058773186144524,
subject01_phonewin_0309.80s.jpg,subject01,True,True,-41.10668026776696,17.01744490184763,-4.054913622481114,
subject01_phonewin_0310.00s.jpg,subject01,True,True,-39.51664355092475,17.16184259358879,-3.8530872246508343,
subject01_phonewin_0310.20s.jpg,subject01,True,True,-29.580741145228238,19.24460984765908,-5.6777798433886115,
subject01_phonewin_0310.40s.jpg,subject01,True,True,-41.90979804614879,17.30434485982664,-5.258863184683296,
subject01_phonewin_0310.80s.jpg,subject01,True,True,-41.63154925272732,17.57133919425507,-4.2266444113900326,
subject01_phonewin_0311.00s.jpg,subject01,True,True,-24.252101033596343,25.543633113784637,-3.7157636623668084,
subject01_phonewin_0311.20s.jpg,subject01,True,True,-31.29225857022846,23.278410564679362,-4.446026316457665,
subject01_phonewin_0311.40s.jpg,subject01,True,True,-32.53876170144714,23.246956304463886,-4.264116161086174,
subject01_phonewin_0311.60s.jpg,subject01,True,True,-33.004109053476924,23.472039089064186,-4.381967249833528,
subject01_phonewin_0311.80s.jpg,subject01,True,True,-29.655746978687468,22.580357928398524,-4.140893032822487,
subject01_phonewin_0312.00s.jpg,subject01,True,True,-35.529295523026214,21.809373755560248,-4.487878709103478,
subject01_phonewin_0312.60s.jpg,subject01,True,True,-33.22172700711353,20.6524376335683,-4.430342620438802,
subject01_phonewin_0312.80s.jpg,subject01,True,True,-36.81197769797407,15.816016935049234,-4.3673144887518625,
subject01_phonewin_0313.00s.jpg,subject01,True,True,-42.77586450127973,17.475700607645035,-2.598189782017108,
subject01_phonewin_0313.40s.jpg,subject01,True,True,-34.991763333787475,22.641636284537203,-6.116218976130578,
subject01_phonewin_0313.60s.jpg,subject01,True,True,-24.154029933929483,-1.9025038299346686,-4.703734398632548,
subject01_phonewin_0313.80s.jpg,subject01,True,True,-25.849899629928473,18.541664900606946,-4.552688593525465,
subject01_phonewin_0314.00s.jpg,subject01,True,True,-30.805939998392045,21.340503033086154,-6.63030473908265,
subject01_phonewin_0314.20s.jpg,subject01,True,True,-24.863433791287473,-3.0399933027267667,-4.020650481003055,
subject01_phonewin_0314.40s.jpg,subject01,True,True,-20.833567257371584,18.083291434761108,-2.1257780514869418,
subject01_phonewin_0314.60s.jpg,subject01,True,True,-22.944016518127142,-0.5717075476458916,-3.3725940078194476,
subject01_phonewin_0314.80s.jpg,subject01,True,True,-44.62019898991346,16.96720210368322,-5.395087101841226,
subject01_phonewin_0315.00s.jpg,subject01,True,True,-35.00744058702116,21.718120573194103,-3.595711898673161,
subject01_phonewin_0315.20s.jpg,subject01,True,True,-33.27456635306037,22.024670059505134,-4.776492847439759,
subject01_phonewin_0315.40s.jpg,subject01,True,True,-24.156733169128774,19.976384506170987,-3.488701381800035,
subject01_phonewin_0315.60s.jpg,subject01,True,True,-24.596349176282047,-0.4038030210070327,-3.8983947766745684,
subject01_phonewin_0315.80s.jpg,subject01,True,True,-36.003729613625524,22.123615168430607,-4.48017520300166,
subject01_phonewin_0316.00s.jpg,subject01,True,True,-41.197984273073374,17.309861809992345,-5.564665377002542,
subject01_phonewin_0316.20s.jpg,subject01,True,True,-46.697146439767835,12.714289083048454,-5.143477809627832,
subject01_phonewin_0316.40s.jpg,subject01,True,True,-47.43532235224533,11.823294379989509,-2.765684548147576,
subject01_phonewin_0316.60s.jpg,subject01,True,True,-50.168582573078695,12.232456310937435,-5.56658990009327,
subject01_phonewin_0316.80s.jpg,subject01,True,True,-52.071928509496345,10.93306548215912,-7.647567438109533,
subject01_phonewin_0317.00s.jpg,subject01,True,True,-48.22411514727011,13.83374088807117,-8.123533377896253,
subject01_phonewin_0317.20s.jpg,subject01,True,True,-52.53210094101413,12.32550634556737,-5.447937147561938,
subject01_phonewin_0317.60s.jpg,subject01,True,True,-50.55351750097972,12.803890192817882,-6.394354662457492,
subject01_phonewin_0317.80s.jpg,subject01,True,True,-52.19183338049823,11.981573901910469,-5.886019801130901,
subject01_phonewin_0318.00s.jpg,subject01,True,True,-52.96127760331006,12.238075923756382,-5.587723444784057,
subject01_phonewin_0318.20s.jpg,subject01,True,True,-52.37735678470885,12.261542314703043,-5.613667884248242,
subject01_phonewin_0318.40s.jpg,subject01,True,True,-50.82244122237562,13.435498572911515,-8.402439614290467,
subject01_phonewin_0318.60s.jpg,subject01,True,True,-50.546493100800305,12.504422049724218,-7.454070743029331,
subject01_phonewin_0318.80s.jpg,subject01,True,True,-44.40143999488588,12.39964488152852,-9.164667237477122,
subject01_phonewin_0319.20s.jpg,subject01,True,True,-48.83154705463181,14.191729973576821,-11.090976364750208,
subject01_phonewin_0319.40s.jpg,subject01,True,True,-50.129916426776575,13.876793026132425,-9.899803013498502,
subject01_phonewin_0319.60s.jpg,subject01,True,True,-30.806633895012794,-6.061102223555217,-9.484657710387538,
subject01_phonewin_0319.80s.jpg,subject01,True,True,-47.091382274570606,18.164699024496112,-9.826306966021795,
subject01_phonewin_0320.20s.jpg,subject01,True,True,-49.584940993463746,12.797822861242102,-8.702463599258333,
subject01_phonewin_0320.40s.jpg,subject01,True,True,-47.20152972494723,14.33611134427055,-9.16129087538598,
subject01_phonewin_0320.60s.jpg,subject01,True,True,-47.794259250636046,17.337539204316734,-8.492338396670101,
subject01_phonewin_0320.80s.jpg,subject01,True,True,-46.076739611930684,17.84456069049571,-8.639244813112505,
subject01_phonewin_0321.00s.jpg,subject01,True,True,-51.778697693607555,12.51764420260693,-8.173368872157894,
subject01_phonewin_0321.20s.jpg,subject01,True,True,-52.5856577992968,12.561975257738903,-6.990845713980016,
subject01_phonewin_0321.40s.jpg,subject01,True,True,-52.07647319700994,17.03800547490207,-6.744181397013403,
subject01_phonewin_0321.60s.jpg,subject01,True,True,-53.35898498987567,15.723259877492513,-6.533579752812658,
subject01_phonewin_0321.80s.jpg,subject01,True,True,-23.27750185919267,10.117743531520572,-7.486969449709483,
subject01_phonewin_0322.00s.jpg,subject01,True,True,-28.70513028989007,-1.526180462306341,-7.293208648073271,
subject01_phonewin_0322.20s.jpg,subject01,True,True,-42.39402796899085,13.656879806296775,-6.4985648024693825,
subject01_phonewin_0322.40s.jpg,subject01,True,True,-54.383452787999154,11.013164311932007,-5.362659104585759,
subject01_phonewin_0322.60s.jpg,subject01,True,True,-56.2715666717811,9.23883322905938,-5.113892895572039,
subject01_phonewin_0322.80s.jpg,subject01,True,True,-56.87545367711238,9.782826353697798,-5.071353643466536,
subject01_phonewin_0323.00s.jpg,subject01,True,True,-56.43695383984929,9.431260142453784,-5.318207703545201,
subject01_phonewin_0323.20s.jpg,subject01,True,True,-56.82857415967563,9.375962186885207,-6.7045706087012045,
subject01_phonewin_0323.60s.jpg,subject01,True,True,-43.86789615312076,17.174175962158575,-8.282809919578604,
subject01_phonewin_0323.80s.jpg,subject01,True,True,-30.7323170394746,13.887299728078428,-4.48278127750806,
subject01_phonewin_0324.00s.jpg,subject01,True,True,-45.35319831280323,8.09325705194669,-5.133494269742337,
subject01_phonewin_0324.40s.jpg,subject01,True,True,-54.87280052283237,12.140650462850365,-2.6152365986151653,
subject01_phonewin_0324.60s.jpg,subject01,True,True,-53.68794785060966,14.586695669849446,-7.591502864856219,
subject01_phonewin_0324.80s.jpg,subject01,True,True,-49.7986549276133,17.698579840349463,-9.819616492361614,
subject01_phonewin_0325.00s.jpg,subject01,True,True,-51.51021320024377,16.44597870754972,-8.645871821040789,
subject01_phonewin_0325.20s.jpg,subject01,True,True,-52.803431725009936,16.213136528632038,-7.6720584479653064,
subject01_phonewin_0325.40s.jpg,subject01,True,True,-49.84292800313421,17.605422721570832,-7.808823323251094,
subject01_phonewin_0325.60s.jpg,subject01,True,True,-50.082198715961134,16.410410616088463,-7.755617272304394,
subject01_phonewin_0325.80s.jpg,subject01,True,True,-49.42538849820706,17.739719339205124,-6.548961833286876,
subject01_phonewin_0326.20s.jpg,subject01,True,True,-35.2050939076887,-4.452995297999695,-8.113955363321015,
subject01_phonewin_0326.60s.jpg,subject01,True,True,-58.76267763517226,9.373888811228106,-3.3198137883847534,
subject01_phonewin_0326.80s.jpg,subject01,True,True,-61.60876165726042,7.849342779235711,-2.923864292504399,
subject01_phonewin_0327.00s.jpg,subject01,True,True,-56.883567161244855,8.635099567504165,-3.892488016944473,
subject01_phonewin_0327.20s.jpg,subject01,True,True,-55.09314346446713,10.072795414951312,-3.7913212685551634,
subject01_phonewin_0327.40s.jpg,subject01,True,True,-52.184355667281665,14.420751219351796,-9.035839895795421,
subject01_phonewin_0327.60s.jpg,subject01,True,True,-51.636521645592936,15.753247073773805,-8.437254919551338,
subject01_phonewin_0327.80s.jpg,subject01,True,True,-52.65796459374898,16.484146907804394,-8.116549940754023,
subject01_phonewin_0328.00s.jpg,subject01,True,True,-53.3016310629193,15.845259716654216,-8.250882710556066,
subject01_phonewin_0328.40s.jpg,subject01,True,True,-49.8127978936218,15.339283236100636,-4.808398222705201,
subject01_phonewin_0328.60s.jpg,subject01,True,True,-50.66955924916146,15.339085758196982,-5.1243909354622845,
subject01_phonewin_0329.20s.jpg,subject01,True,True,-51.55902524762013,15.903082272588252,-5.823110560441978,
subject01_phonewin_0329.40s.jpg,subject01,True,True,-49.90937347294254,16.018091867818132,-7.532487008106867,
subject01_phonewin_0329.60s.jpg,subject01,True,True,-48.278732247206094,16.970279692268235,-6.742503768739781,
subject01_phonewin_0329.80s.jpg,subject01,True,True,-45.330934321493245,17.551494012631515,-6.978723708155082,
subject01_phonewin_0330.20s.jpg,subject01,True,True,-40.578538498428664,18.992001080569324,-6.694362789045528,
subject01_phonewin_0330.40s.jpg,subject01,True,True,-44.289134928583,18.985023526132142,-6.1078834895800185,
subject01_phonewin_0330.60s.jpg,subject01,True,True,-38.83780080314269,23.133348469973633,-8.982338240012735,
subject01_phonewin_0330.80s.jpg,subject01,True,True,-42.22117308943153,21.038696380340234,-8.687316973867942,
subject01_phonewin_0331.00s.jpg,subject01,True,True,-45.10629462952469,18.67612560221392,-7.722024797858734,
subject01_phonewin_0331.20s.jpg,subject01,True,True,-43.72484022978695,19.346002672099186,-9.10022450338209,
subject01_phonewin_0331.40s.jpg,subject01,True,True,-45.71491223137032,18.558738026756508,-9.080887479562236,
subject01_phonewin_0331.60s.jpg,subject01,True,True,-46.31090232940699,18.011614815355802,-8.391013901708313,
subject01_phonewin_0331.80s.jpg,subject01,True,True,-46.17581522528657,17.33973901007462,-7.06958609926072,
subject01_phonewin_0332.00s.jpg,subject01,True,True,-45.60077262511495,17.540494934752424,-7.08196912430457,
subject01_phonewin_0332.20s.jpg,subject01,True,True,-49.181451182520604,14.033940600581417,-7.492249646193687,
subject01_phonewin_0332.40s.jpg,subject01,True,True,-52.996281042542314,11.49581461092752,-7.763784217442203,
subject01_phonewin_0332.60s.jpg,subject01,True,True,-46.477603267594525,13.183187358674202,-7.281083808516626,
subject01_phonewin_0332.80s.jpg,subject01,True,True,-47.77753463443571,13.31093912593931,-4.738777611089385,
subject01_phonewin_0333.00s.jpg,subject01,True,True,-34.90721142951082,-3.979794772205952,-6.0545979837340695,
subject01_phonewin_0333.20s.jpg,subject01,True,True,-25.770806726337963,-2.679350985959244,-6.217201974395837,
subject01_phonewin_0333.60s.jpg,subject01,True,True,-57.276325322561235,10.293078824381691,-5.418276617728305,
subject01_phonewin_0333.80s.jpg,subject01,True,True,-54.56571744628736,10.186845340558898,-6.082772238649504,
subject01_phonewin_0334.00s.jpg,subject01,True,True,-30.24916756000938,9.413348439330257,-4.9560590329292,
subject01_phonewin_0334.20s.jpg,subject01,True,True,-54.1261247823341,11.116263234663476,-4.422395341930958,
subject01_phonewin_0334.40s.jpg,subject01,True,True,-54.526707385777215,10.513037586016356,-3.9626696126282908,
subject01_phonewin_0334.60s.jpg,subject01,True,True,-53.98584083088946,12.032687957524384,-2.723254876088827,
subject01_phonewin_0334.80s.jpg,subject01,True,True,-33.7329093693137,-4.531649388516393,-4.237721818698179,
subject01_phonewin_0335.20s.jpg,subject01,True,True,-54.801318741940804,10.732068027330204,-3.9923069636218367,
subject01_phonewin_0335.40s.jpg,subject01,True,True,-30.831063931971947,-9.856829314976125,-6.704591701414698,
subject01_phonewin_0335.60s.jpg,subject01,True,True,-51.21913947587176,15.16684527864425,-8.126323286900881,
subject01_phonewin_0335.80s.jpg,subject01,True,True,-52.51329275624911,14.489552908776774,-7.490128783122688,
subject01_phonewin_0336.20s.jpg,subject01,True,True,-53.21047233870288,13.320987868014052,-2.8050119461383405,
subject01_phonewin_0336.40s.jpg,subject01,True,True,-54.117232410496946,11.916912780070579,-4.102383629551872,
subject01_phonewin_0336.60s.jpg,subject01,True,True,-32.78524847775059,12.635391869255466,-3.0011203370841,
subject01_phonewin_0336.80s.jpg,subject01,True,True,-35.5866316676143,11.508812869093799,-4.574995341828719,
subject01_phonewin_0337.00s.jpg,subject01,True,True,-47.37629000951435,15.112549115502873,-4.532673132446714,
subject01_phonewin_0337.40s.jpg,subject01,True,True,-45.15781153893075,18.171760925338678,-6.92657383190773,
subject01_phonewin_0337.60s.jpg,subject01,True,True,-47.08036462947047,17.641800300598174,-7.278997577515244,
subject01_phonewin_0337.80s.jpg,subject01,True,True,-46.134522421679584,18.44210008849869,-7.973286885830669,
subject01_phonewin_0338.00s.jpg,subject01,True,True,-33.98614728737981,-10.206516738872535,-8.202207996890815,
subject01_phonewin_0338.40s.jpg,subject01,True,True,-51.07183426763989,11.895524252168553,-7.555503247744316,
subject01_phonewin_0338.60s.jpg,subject01,True,True,-11.62876501443245,11.235605438127662,-7.001048982254782,
subject01_phonewin_0338.80s.jpg,subject01,True,True,-50.30364255505236,11.738716149920272,-8.32403709240444,
subject01_phonewin_0339.00s.jpg,subject01,True,True,-51.27851809051624,11.176150130162208,-7.359374142652203,
subject01_phonewin_0341.00s.jpg,subject01,True,True,-13.754084642523653,11.114369301746756,-3.7103091665219896,
subject01_phonewin_0341.20s.jpg,subject01,True,True,-17.64400923394296,11.058440329247171,-2.725720281100462,
subject01_phonewin_0341.40s.jpg,subject01,True,True,-49.775949189302935,14.35696086953539,-6.157928604089227,
subject01_phonewin_0341.80s.jpg,subject01,True,True,-46.890909298319315,16.381619272568116,-4.9747476873305,
subject01_phonewin_0342.00s.jpg,subject01,True,True,-50.30836318852287,15.713700664338523,-5.419815264314073,
subject01_phonewin_0342.20s.jpg,subject01,True,True,-52.60522341516959,15.208954603122141,-7.08435430546719,
subject01_phonewin_0342.60s.jpg,subject01,True,True,-54.58224967984966,15.721648572958566,-6.972682878701656,
subject01_phonewin_0342.80s.jpg,subject01,True,True,-53.285873030068515,15.88898047677094,-7.738963484908327,
subject01_phonewin_0343.00s.jpg,subject01,True,True,-41.033182094941616,8.653054302518202,-6.058082992863759,
subject01_phonewin_0343.20s.jpg,subject01,True,True,-51.07062186343532,16.882805428270533,-6.970842769055852,
subject01_phonewin_0343.40s.jpg,subject01,True,True,-50.54309609202456,17.19904698468104,-7.997402043703241,
subject01_phonewin_0343.60s.jpg,subject01,True,True,-34.11902408491735,-7.2274563740578,-8.131221001328045,
subject01_phonewin_0343.80s.jpg,subject01,True,True,-34.346494489226764,-7.333550662521321,-7.521742768763776,
subject01_phonewin_0344.00s.jpg,subject01,True,True,-34.17462551850561,-7.2770180462655025,-7.419355477792042,
subject01_phonewin_0344.80s.jpg,subject01,True,True,-41.05362916713943,11.924268872510613,-13.021503707324479,
subject01_phonewin_0345.00s.jpg,subject01,False,True,-19.31702276655013,3.588834230737199,-12.830439048922356,
subject01_phonewin_0345.20s.jpg,subject01,False,True,-20.098008709440652,14.48447396851468,-12.313363633389077,
subject01_phonewin_0345.40s.jpg,subject01,False,True,-31.17533853865434,3.0286339055095968,-7.303375410986111,
subject01_phonewin_0345.60s.jpg,subject01,False,True,-35.80617551330284,-2.2706927275923383,-4.989125164402672,
subject01_phonewin_0345.80s.jpg,subject01,False,True,-30.670592790438754,2.9491257980399497,-3.520672962707031,
subject01_phonewin_0346.00s.jpg,subject01,False,True,-33.1628421708099,-4.885114746051637,-3.818629451382302,
subject01_phonewin_0346.20s.jpg,subject01,False,True,-53.330989663232536,4.615076166987696,-4.80674517891546,
subject01_phonewin_0346.40s.jpg,subject01,False,True,-31.561372862044305,-5.0261103683391735,-5.6988569767992505,
subject01_phonewin_0346.60s.jpg,subject01,False,True,-30.071888307502874,0.08658654766354194,-4.073753447510827,
subject01_phonewin_0346.80s.jpg,subject01,False,True,-33.02954749059903,-4.912259393666623,-5.466002006573373,
subject01_phonewin_0347.00s.jpg,subject01,False,True,-33.263215929711855,1.5657322749907692,-5.065515984339216,
subject01_phonewin_0347.20s.jpg,subject01,False,True,-47.301445386955535,5.23962263241119,-6.0630448281817095,
subject01_phonewin_0347.40s.jpg,subject01,False,True,-46.81755337010906,4.532884705316546,-4.851667348582197,
subject01_phonewin_0347.60s.jpg,subject01,False,True,-32.45800737661579,-4.382031238467079,-4.3834679910295735,
subject01_phonewin_0348.00s.jpg,subject01,False,True,-55.58593024893062,4.492280952642854,-1.557787385618939,
subject01_phonewin_0348.20s.jpg,subject01,False,True,-56.309395906252014,4.135640208609969,-1.7724296427119381,
subject01_phonewin_0348.80s.jpg,subject01,False,True,-31.74609349100128,15.873802141350726,-4.791953075065358,
subject01_phonewin_0349.00s.jpg,subject01,False,True,-32.806506601854714,16.542816260136284,-4.750286042033081,
subject01_phonewin_0349.20s.jpg,subject01,False,True,-33.57235742199849,16.251002283043807,-2.9492099084381254,
subject01_phonewin_0349.40s.jpg,subject01,False,True,-33.56671825167951,16.156047415018758,-3.105329512419727,
subject01_phonewin_0349.60s.jpg,subject01,False,True,-25.28611148767361,19.278198424057358,-1.6912826810782928,
subject01_phonewin_0349.80s.jpg,subject01,False,True,-43.46962019183748,12.186594723872403,-7.212798236270028,
subject02_frame00000.jpg,subject02,False,True,-41.86798648084193,12.035920266722405,0.0467294367352175,
subject02_frame00040.jpg,subject02,False,True,-20.685279768384277,21.32815618142954,0.7311337748978811,
subject02_frame00060.jpg,subject02,False,True,-25.91528388687598,30.736644903236975,9.681284193536914,
subject02_frame00080.jpg,subject02,False,True,-40.72710655109875,18.15097868333152,-0.8906981312306707,
subject02_frame00100.jpg,subject02,False,True,-12.094208847592745,7.398229057267765,-1.7938597051597152,
subject02_frame00107.jpg,subject02,False,True,-28.328050501843276,25.970134021966647,-1.6124924541247663,
subject02_frame00108.jpg,subject02,False,True,-35.77203618874061,21.915465802442455,-1.5021694171917939,
subject02_frame00110.jpg,subject02,False,True,-33.41564868992471,17.666053089485725,5.1955521398418805,
subject02_frame00113.jpg,subject02,False,True,-22.86081971102717,5.88105132762225,3.8382770908374453,
subject02_frame00115.jpg,subject02,False,True,-24.20158420018768,4.672702344038483,1.2300409347941548,
subject02_frame00116.jpg,subject02,False,True,-22.488224345012966,5.2428176804966755,1.260043423448041,
subject02_frame00118.jpg,subject02,False,True,-45.43253143119372,21.200772117278312,-3.942948849245064,
subject02_frame00120.jpg,subject02,False,True,-34.68182858312771,17.190810837878487,-2.5412019887943034,
subject02_frame00121.jpg,subject02,False,True,-35.49723558145355,14.532669115647108,-3.5172142835299933,
subject02_frame00123.jpg,subject02,False,True,-25.56769604215974,2.3356984870522006,0.17762971673261485,
subject02_frame00124.jpg,subject02,False,True,-23.833528540388773,5.869233148667383,-0.37841948514307655,
subject02_frame00126.jpg,subject02,False,True,-22.46988547721573,5.225192518413005,1.696943098644884,
subject02_frame00128.jpg,subject02,False,True,-51.592300791644334,20.364416771693133,-7.711451773819388,
subject02_frame00129.jpg,subject02,False,False,,,,True
subject02_frame00131.jpg,subject02,False,False,,,,True
subject02_frame00133.jpg,subject02,False,True,-34.43372331874862,12.859481573942036,-1.9977520301537575,
subject02_frame00134.jpg,subject02,False,False,,,,True
subject02_frame00136.jpg,subject02,False,False,,,,True
subject02_frame00137.jpg,subject02,False,False,,,,True
subject02_frame00141.jpg,subject02,False,False,,,,True
subject02_frame00142.jpg,subject02,False,False,,,,True
subject02_frame00144.jpg,subject02,False,True,-33.393095810451655,14.28795930336057,-2.2071972643556785,
subject02_frame00159.jpg,subject02,False,True,-35.373704162232194,20.92120357421893,-5.244997873965929,
subject02_frame00179.jpg,subject02,False,True,-22.74114143783959,5.659343999651724,-1.0406447619832462,
subject02_frame00199.jpg,subject02,False,True,-18.796503541853028,7.299272634864033,-0.42402730062796395,
subject02_frame00219.jpg,subject02,False,True,-40.459874125400184,17.161584046158357,-3.602085721783548,
subject02_frame00239.jpg,subject02,False,True,-27.21459968268011,0.43118266776288083,-1.8096241843350902,
subject02_frame00259.jpg,subject02,False,True,-17.360093604135066,10.71827647462265,-3.0112758261793733,
subject02_frame00279.jpg,subject02,False,True,-27.59589843757259,17.15927998875158,-4.329279327924477,
subject02_frame00299.jpg,subject02,False,True,-44.98057767387491,1.122820532387626,-3.38131806559221,
subject02_frame00339.jpg,subject02,False,True,-19.600401912811314,0.05296551203933779,-2.859635968435987,
subject02_frame00357.jpg,subject02,False,True,-27.474127254024,12.089530034504802,2.69416123073316,
subject02_frame00358.jpg,subject02,False,True,-16.973346787812492,4.491884463159291,4.656076701210165,
subject02_frame00363.jpg,subject02,False,True,-14.563280682373204,4.875663019788556,1.3947280908656177,
subject02_frame00365.jpg,subject02,False,True,-23.459053388339814,18.589899627846126,2.7864039777556653,
subject02_frame00366.jpg,subject02,False,True,-16.56936052159733,4.45381623701135,-0.1381015533521522,
subject02_frame00368.jpg,subject02,False,True,-12.743201633178524,26.806493608811923,1.7437402750838262,
subject02_frame00370.jpg,subject02,False,True,-19.98368821044403,23.793388417467174,3.959108068430215,
subject02_frame00373.jpg,subject02,False,True,-20.64109490888434,13.192064517028548,-3.6481478266091107,
subject02_frame00374.jpg,subject02,False,True,-22.913183313904646,20.343439269572333,-2.9514352561176107,
subject02_frame00376.jpg,subject02,False,True,-14.63134654391139,8.148546194486789,2.4555418863964427,
subject02_frame00378.jpg,subject02,False,True,-22.9866092395739,19.46224344730905,5.442306638691465,
subject02_frame00379.jpg,subject02,False,True,-25.181950763494402,16.25889754773276,8.992444493966152,
subject02_frame00381.jpg,subject02,False,True,-16.127114145994582,7.18304569556431,-1.8849704186525422,
subject02_frame00383.jpg,subject02,False,True,-29.99743818574024,17.14834956026677,-3.4463672388446556,
subject02_frame00384.jpg,subject02,False,True,-16.474741108350354,6.616567001776971,-0.13234301014226457,
subject02_frame00387.jpg,subject02,False,True,-16.121588167435565,8.129038505982143,-1.2502522646357759,
subject02_frame00389.jpg,subject02,False,True,-37.156557109271056,1.3516902283867824,-3.0782028576673883,
subject02_frame00392.jpg,subject02,False,True,-18.50208348756854,-0.580709088464828,-1.9223209675447184,
subject02_frame00394.jpg,subject02,False,True,-30.397864490933244,-0.06515515806855005,4.411270424006923,
subject02_frame00396.jpg,subject02,False,True,-37.35251258865487,2.141784328436211,-0.2814476765751577,
subject02_frame00397.jpg,subject02,False,True,-35.273763881186085,2.4574387497083534,-0.21952216070149397,
subject02_frame00399.jpg,subject02,False,True,-40.81664719219617,1.9424827895077634,-1.5745667163249446,
subject02_frame00402.jpg,subject02,False,True,-40.015384340528975,2.5405503107245035,-1.7468897142054582,
subject02_frame00404.jpg,subject02,False,True,-39.78732449208057,2.872743903046336,-2.2019071633304126,
subject02_frame00409.jpg,subject02,False,True,-18.7476065329339,-1.9260563221592584,-1.591248086531902,
subject02_frame00410.jpg,subject02,False,True,-27.61335402183723,1.075894782183984,-0.934290041070652,
subject02_frame00412.jpg,subject02,False,True,-15.944684233039016,-0.5484963879137305,-1.2683542740819043,
subject02_frame00413.jpg,subject02,False,True,-20.723953111587974,-0.36181688621089864,0.5045366942903678,
subject02_frame00415.jpg,subject02,False,True,-18.756102498065005,-0.4623712320150994,-0.41878317487436123,
subject02_frame00417.jpg,subject02,False,True,-20.431350721558175,1.0909823970749366,-0.9762634464214055,
subject02_frame00418.jpg,subject02,False,True,-34.647701462087056,1.0625069280321249,-3.86830294957997,
subject02_frame00420.jpg,subject02,False,True,-32.97454077729447,2.8148579146939805,-1.805601208765074,
subject02_frame00422.jpg,subject02,False,True,-15.66308374510618,6.938899378021271,-3.0186915796138427,
subject02_frame00423.jpg,subject02,False,True,-13.4725982690028,2.5130857399053457,-1.7528810847149858,
subject02_frame00427.jpg,subject02,False,True,-16.680367662677803,9.890447224076148,0.24754660237569134,
subject02_frame00467.jpg,subject02,False,True,-38.97234391644154,17.887168081726617,-0.055626169333711485,
subject02_frame00487.jpg,subject02,False,True,-14.75384850136003,7.726552384026268,-0.9835590973601234,
subject02_frame00507.jpg,subject02,False,True,-30.341321159868887,15.422688088519287,-4.485691561448481,
subject02_frame00517.jpg,subject02,False,True,-23.627814873000133,42.09989437480064,10.22290969399144,
subject02_frame00518.jpg,subject02,False,True,-31.094345140924613,36.90509628690743,7.611128668390192,
subject02_frame00520.jpg,subject02,False,True,-20.36034375286526,42.27654987201706,12.75455621873243,
subject02_frame00522.jpg,subject02,False,True,-19.621239837472842,41.72404061664061,16.484789894422047,
subject02_frame00525.jpg,subject02,False,True,-29.818323042470634,36.196499070557074,11.51739476760048,
subject02_frame00527.jpg,subject02,False,True,-27.06746596261113,37.794410971809725,14.755455040045474,
subject02_frame00530.jpg,subject02,False,True,-30.980704888870836,34.33933338526097,12.835057117140876,
subject02_frame00531.jpg,subject02,False,True,-29.62988418337138,36.94349678675322,13.212630699272061,
subject02_frame00533.jpg,subject02,False,False,,,,True
subject02_frame00535.jpg,subject02,False,True,-31.399093514212584,31.10640864928295,14.890980880434821,
subject02_frame00538.jpg,subject02,False,True,-30.805724724301495,29.605815569662166,13.452284473420878,
subject02_frame00540.jpg,subject02,False,False,,,,True
subject02_frame00541.jpg,subject02,False,True,-23.18318490447599,9.195796431632393,16.974704802711983,
subject02_frame00543.jpg,subject02,False,True,-22.77087277668816,9.840636291772721,14.410206542160653,
subject02_frame00544.jpg,subject02,False,True,-44.403011163850174,29.678451317985882,9.145547718288467,
subject02_frame00546.jpg,subject02,False,True,-35.99684902557307,29.12004632553162,9.513367511629843,
subject02_frame00548.jpg,subject02,False,False,,,,True
subject02_frame00549.jpg,subject02,False,True,-52.528725934681404,15.719652095507604,-2.262562819844875,
subject02_frame00551.jpg,subject02,False,True,-33.06160614015372,24.96989530512903,2.7197113091537495,
subject02_frame00553.jpg,subject02,False,True,-29.767944432569973,20.63671792002075,3.1832571603030924,
subject02_frame00556.jpg,subject02,False,True,-24.842815561990207,4.558230158582722,8.19997053825557,
subject02_frame00558.jpg,subject02,False,True,-28.167243910726597,34.13369883847748,18.2533845222035,
subject02_frame00561.jpg,subject02,False,True,-26.315235516337484,31.114901108637387,11.505131119162241,
subject02_frame00563.jpg,subject02,False,True,-30.778956882649425,33.121820522907086,10.749169547667488,
subject02_frame00564.jpg,subject02,False,True,-37.577408923545626,31.22938980741612,9.7905595405074,
subject02_frame00566.jpg,subject02,False,True,-34.33480804930562,29.846262590467614,7.674503668826981,
subject02_frame00568.jpg,subject02,False,True,-30.243115101269197,32.387933857897245,10.14789216955223,
subject02_frame00569.jpg,subject02,False,True,-32.41500887216501,31.70727819550926,8.332164790368038,
subject02_frame00571.jpg,subject02,False,True,-29.885093196751825,32.4192501158075,9.44134719085702,
subject02_frame00572.jpg,subject02,False,True,-32.03618047573444,30.678767248633726,9.887059865709503,
subject02_frame00574.jpg,subject02,False,True,-26.026582852615267,20.252671586747933,7.085551092908906,
subject02_frame00576.jpg,subject02,False,True,-26.971681349831016,20.272192937202185,5.048256879148111,
subject02_frame00577.jpg,subject02,False,True,-25.96277996777623,19.02643827981389,8.811430959876711,
subject02_frame00579.jpg,subject02,False,True,-28.711749822499172,23.149094336434327,5.886745129348772,
subject02_frame00581.jpg,subject02,False,True,-18.714484885423367,6.18090387938874,6.119228916453322,
subject02_frame00582.jpg,subject02,False,True,-31.716537431993377,22.974823892368658,3.365013220262282,
subject02_frame00585.jpg,subject02,False,True,-26.124703236653513,25.190156341685658,12.494369968224149,
subject02_frame00592.jpg,subject02,False,True,-28.853382130540634,1.7479409516820383,5.563469292833824,
subject02_frame00594.jpg,subject02,False,True,-37.216403456854955,19.815205955200444,13.29327641427947,
subject02_frame00595.jpg,subject02,False,True,-23.080123230439533,25.073382287204588,21.20578160983408,
subject02_frame00597.jpg,subject02,False,True,-14.711391448821654,37.415044263917316,30.469222621026383,
subject02_frame00599.jpg,subject02,False,True,-15.18112051608698,39.93932399780405,25.544163058701958,
subject02_frame00600.jpg,subject02,False,True,-19.44013221807915,37.692944331287336,27.215385548634423,
subject02_frame00602.jpg,subject02,False,True,-28.88131266406493,33.713052765539,17.747482330833023,
subject02_frame00605.jpg,subject02,False,True,-27.59495318148703,32.373724307783405,17.24525233804212,
subject02_frame00607.jpg,subject02,False,True,-34.0247619231926,28.736077244289287,16.448884440757233,
subject02_frame00608.jpg,subject02,False,True,-31.077273356798155,31.14834040425615,21.246886062941293,
subject02_frame00610.jpg,subject02,False,True,-21.60919638095463,32.0466075745465,25.216651182945785,
subject02_frame00612.jpg,subject02,False,True,-16.95989368472119,36.953453801647946,22.230618277420664,
subject02_frame00613.jpg,subject02,False,True,-38.22370882357171,28.28358951716448,14.801895591227115,
subject02_frame00615.jpg,subject02,False,True,-32.046751397485885,32.938350276943886,16.830622688571935,
subject02_frame00616.jpg,subject02,False,True,-28.328113052322806,33.99114043838079,17.127248486996184,
subject02_frame00620.jpg,subject02,False,True,-27.7678793445092,33.7534416523221,17.23028387031373,
subject02_frame00621.jpg,subject02,False,True,-32.248928588875955,32.036158816382596,16.526565856926062,
subject02_frame00625.jpg,subject02,False,True,-23.569766349213673,7.9563717776406655,11.425976220095572,
subject02_frame00626.jpg,subject02,False,True,-21.25235372922215,10.754348736093194,15.439870918180153,
subject02_frame00628.jpg,subject02,False,True,-15.43450690105925,27.01090213531935,10.89283026890168,
subject02_frame00629.jpg,subject02,False,True,-15.873725160951498,28.55213956262369,7.769732005452922,
subject02_frame00633.jpg,subject02,False,True,-39.77706773605033,26.5465248933016,7.5075351036589835,
subject02_frame00634.jpg,subject02,False,True,-22.61841994186238,24.36777624353846,9.765021340135203,
subject02_frame00636.jpg,subject02,False,True,-24.258055869056935,24.268732054427453,10.013045717772876,
subject02_frame00638.jpg,subject02,False,True,-25.62495495571642,24.174459557494757,8.009346631565565,
subject02_frame00639.jpg,subject02,False,True,-32.6948027685524,31.61465355097165,10.147428791845403,
subject02_frame00641.jpg,subject02,False,True,-25.844604119754255,7.020074778677788,12.973935278099129,
subject02_frame00642.jpg,subject02,False,True,-24.349875963537883,18.937031923785387,15.089155348949705,
subject02_frame00644.jpg,subject02,False,True,-19.47922209675328,19.824144376581376,16.730701248565026,
subject02_frame00646.jpg,subject02,False,True,-31.48714482198111,28.19014618164507,13.776098008859071,
subject02_frame00647.jpg,subject02,False,True,-21.64503312004321,8.487120867861206,13.960922111204813,
subject02_frame00651.jpg,subject02,False,True,-13.285910770660193,11.909959663419277,-3.765996268441398,
subject02_frame00671.jpg,subject02,False,True,-25.801605195153194,1.95143701169245,4.581416986233924,
subject02_frame00691.jpg,subject02,False,True,-8.700693797097387,9.222928185602127,-2.801340095954961,
subject02_frame00711.jpg,subject02,False,True,-13.877409710486777,10.937950197561719,-1.1178856987910193,
subject02_frame00731.jpg,subject02,False,True,-16.480469718500984,10.32497384913395,-5.538867101245045,
subject02_frame00771.jpg,subject02,False,True,-11.40101955450534,3.7523557324257997,-2.467567326724689,
subject02_frame00791.jpg,subject02,False,True,-22.591589607147966,18.395504749761784,-6.400628917511526,
subject02_frame00811.jpg,subject02,False,True,-33.84559530822842,19.667346462343552,-6.4421458199805155,
subject02_frame00851.jpg,subject02,False,True,-21.253805494145034,3.121824011909982,-1.6751870693355824,
subject02_frame00857.jpg,subject02,False,True,-16.905162676790702,5.233097646615629,-1.986420974837025,
subject02_frame00859.jpg,subject02,False,True,-22.83890964047179,6.60934816529197,-3.0483993273096552,
subject02_frame00861.jpg,subject02,False,True,-24.381388652324375,20.800006661120115,-1.0378693190614035,
subject02_frame00862.jpg,subject02,False,True,-25.753487757033106,14.275325771086232,-3.6549615572245306,
subject02_frame00864.jpg,subject02,False,True,-11.903216574857524,14.46478820390401,2.742832795268038,
subject02_frame00874.jpg,subject02,False,True,-18.99008386496013,30.311364747913522,-6.82977703394167,
subject02_frame00876.jpg,subject02,False,True,-18.09407548111115,30.744171248099963,-5.841588337027482,
subject02_frame00877.jpg,subject02,False,True,-25.4102315188429,37.01798390934394,-9.489291755535405,
subject02_frame00882.jpg,subject02,False,True,-11.991051381522155,13.561815035734007,-10.87116787606,
subject02_frame00884.jpg,subject02,False,True,-33.881373382248285,14.703831692576692,-9.655462788258394,
subject02_frame00885.jpg,subject02,False,True,-13.41986555986628,10.716667154961455,-6.484275226677352,
subject02_frame00887.jpg,subject02,False,True,-24.667751860543525,21.082958063500104,-2.8296085484910947,
subject02_frame00900.jpg,subject02,False,True,-36.074782826175394,4.048721610937059,-4.83228023203289,
subject02_frame00920.jpg,subject02,False,True,-16.104421228887972,7.139094730421362,1.9763693761251364,
subject02_frame00940.jpg,subject02,False,True,-20.784716897095286,-0.9656460200708182,-1.2466826428190096,
subject03_frame00016.jpg,subject03,False,True,-47.644254479370765,15.788723341926614,-2.036947285984189,
subject03_frame00033.jpg,subject03,False,True,-37.80621458415794,7.1159129021314715,1.5896708304751264,
subject03_frame00049.jpg,subject03,False,True,-7.5742662143471104,7.788864456248185,-0.574635716297902,
subject03_frame00066.jpg,subject03,False,True,-21.05616183367683,-2.8271119413936323,7.116871480656844,
subject03_frame00082.jpg,subject03,False,True,-6.692026161030339,2.55455451314628,2.879066605178038,
subject03_frame00096.jpg,subject03,False,True,-26.32462110152142,17.576125953657765,-9.19489238221892,
subject03_frame00098.jpg,subject03,False,True,-35.32754833734659,35.340259133261846,-2.6797260671173544,
subject03_frame00100.jpg,subject03,False,True,-36.06147150506924,29.703381678280927,-6.27553084640697,
subject03_frame00102.jpg,subject03,False,True,-35.85542770212588,41.519736816481505,-4.540334968875716,
subject03_frame00104.jpg,subject03,False,True,-35.44855002845604,35.388890989951605,-5.640314419660258,
subject03_frame00106.jpg,subject03,False,False,,,,True
subject03_frame00108.jpg,subject03,False,False,,,,True
subject03_frame00112.jpg,subject03,False,True,-26.31624903139032,-3.0206926069439923,6.843255306766484,
subject03_frame00128.jpg,subject03,False,True,-14.21566920001794,4.865483822074009,-2.1007319017336545,
subject03_frame00139.jpg,subject03,False,True,-32.616318305832095,17.782192163385357,-0.36037519470752355,
subject03_frame00141.jpg,subject03,False,True,-35.83095739943283,15.533644060436565,-3.9144971359573395,
subject03_frame00143.jpg,subject03,False,True,-41.31715718818359,10.368204657287427,-2.8768171188402336,
subject03_frame00145.jpg,subject03,False,True,-32.966790607485805,17.576123013067473,-2.937506499714098,
subject03_frame00147.jpg,subject03,False,True,-16.84508854680763,5.02003660982337,1.5656254878329614,
subject03_frame00149.jpg,subject03,False,True,-38.404059717693436,15.196717820151383,-3.5631011038844878,
subject03_frame00151.jpg,subject03,False,True,-32.4828828405134,10.317352180170207,-2.2486853014945067,
subject03_frame00154.jpg,subject03,False,True,-46.48198781713038,5.270074847036619,-3.0530610986764084,
subject03_frame00158.jpg,subject03,False,True,-49.15310547491206,11.503147529325426,-0.28001816530633344,
subject03_frame00162.jpg,subject03,False,True,-45.30869704217399,7.079403737202633,-1.4586576285219321,
subject03_frame00166.jpg,subject03,False,True,-46.66873660342203,10.22859503466091,-1.2534937023882817,
subject03_frame00169.jpg,subject03,False,True,-22.878774964730315,-1.2322602521397275,-0.2088590677047154,
subject03_frame00171.jpg,subject03,False,True,-43.933123000587564,5.602920347849143,0.0629036907695317,
subject03_frame00173.jpg,subject03,False,True,-37.017277267524,12.673360147392664,-2.5637718110110512,
subject03_frame00182.jpg,subject03,False,True,-23.089877464662386,1.6704865801413111,-3.1865623401258527,
subject03_frame00198.jpg,subject03,False,True,-34.68037470490899,19.21545650136878,-3.9803842180439855,
subject03_frame00211.jpg,subject03,False,True,-17.349048754652202,8.671403286036155,-0.9522961725832929,
subject03_frame00213.jpg,subject03,False,True,-41.700740901689635,20.559998030321534,-5.0612992134679615,
subject03_frame00215.jpg,subject03,False,True,-43.62337698728501,19.953225794223442,-6.108098236401259,
subject03_frame00220.jpg,subject03,False,True,-47.010395408293014,22.95750004502046,-4.333458976094956,
subject03_frame00222.jpg,subject03,False,True,-28.522258888734182,22.89699333875414,1.4123066663418549,
subject03_frame00226.jpg,subject03,False,True,-25.21838291037542,31.63003204699299,-4.521788585672891,
subject03_frame00230.jpg,subject03,False,True,-25.968489556196975,36.46135591456627,-3.1109609599561256,
subject03_frame00240.jpg,subject03,False,True,-46.17316146118972,20.09602538944083,-4.367304522903765,
subject03_frame00256.jpg,subject03,False,True,-49.37663623753427,16.410246668268563,-4.275300786908168,
subject03_frame00271.jpg,subject03,False,True,-30.07327093682846,8.913813356743823,1.8187372975210696,
subject03_frame00273.jpg,subject03,False,True,-30.141703400911958,34.18232142352486,-7.451679378459591,
subject03_frame00275.jpg,subject03,False,True,-36.478929145808344,34.97488743940333,-6.83167072132305,
subject03_frame00279.jpg,subject03,False,True,-35.21987935300803,37.077013119929546,-6.039378022412683,
subject03_frame00281.jpg,subject03,False,True,-36.21943774404543,33.118885147741096,-6.244650020974456,
subject03_frame00288.jpg,subject03,False,True,-13.55998846711081,10.690730750946663,2.3330741805520323,
subject03_frame00290.jpg,subject03,False,True,-33.56795875205288,36.29955702992065,-3.7257736658988763,
subject03_frame00292.jpg,subject03,False,True,-21.212834409694047,8.119533615611124,2.5776239118690745,
subject03_frame00294.jpg,subject03,False,False,,,,True
subject03_frame00296.jpg,subject03,False,False,,,,True
subject03_frame00298.jpg,subject03,False,False,,,,True
subject03_frame00301.jpg,subject03,False,False,,,,True
subject03_frame00303.jpg,subject03,False,True,-29.86930272529476,14.210006327343097,-6.465771212797208,
subject03_frame00306.jpg,subject03,False,True,-31.956575684405784,24.479403003374944,-2.319205655569695,
subject03_frame00322.jpg,subject03,False,True,-44.32424947847013,16.393405329493003,-3.5026884510599663,
subject03_frame00339.jpg,subject03,False,True,-48.96205735529256,12.032496855192052,-7.031149982393962,
subject03_frame00354.jpg,subject03,False,True,-26.08993887276683,-1.2932580958854152,-6.291003702796537,
subject03_frame00358.jpg,subject03,False,True,-18.734020264327338,17.80378062459129,-4.932602852260709,
subject03_frame00360.jpg,subject03,False,False,,,,True
subject03_frame00362.jpg,subject03,False,False,,,,True
subject03_frame00365.jpg,subject03,False,True,-27.442521499303567,36.266088151997785,3.2753196153272857,
subject03_frame00367.jpg,subject03,False,False,,,,True
subject03_frame00369.jpg,subject03,False,True,-29.06846956604546,-0.08338854134733972,-5.105253078689897,
subject03_frame00371.jpg,subject03,False,True,-40.353299483919095,26.404283707957617,-9.290902490883918,
subject03_frame00375.jpg,subject03,False,False,,,,True
subject03_frame00377.jpg,subject03,False,True,-33.982692428925745,43.485250088477194,-4.34789794924841,
subject03_frame00380.jpg,subject03,False,False,,,,True
subject03_frame00384.jpg,subject03,False,False,,,,True
subject03_frame00387.jpg,subject03,False,True,-23.420364322728435,22.25707635364351,-4.041425952671181,
subject03_frame00391.jpg,subject03,False,False,,,,True
subject03_frame00393.jpg,subject03,False,True,-39.462138612091046,11.125469778366945,-1.2938570083299021,
subject03_frame00410.jpg,subject03,False,True,-22.20299050252033,-7.083213684220055,4.968924585145239,
subject03_frame00443.jpg,subject03,False,True,-32.89711053337746,6.569336105657967,-1.20322283251284,
subject03_frame00459.jpg,subject03,False,True,-35.09443897852977,14.29798237224812,-4.479610391470707,
subject03_frame00476.jpg,subject03,False,True,-19.236374501939977,2.901747092650682,-2.74155694577176,
subject03_frame00484.jpg,subject03,False,True,-23.54838391599998,27.733053243412552,-3.112510737950011,
subject03_frame00489.jpg,subject03,False,True,-23.927538153140976,18.76881581630424,3.5710877870708533,
subject03_frame00491.jpg,subject03,False,True,-28.486389416994925,17.68287187097284,-1.0256379726016434,
subject03_frame00493.jpg,subject03,False,True,-22.505009414430564,3.945024567410354,-0.4166542434336135,
subject03_frame00495.jpg,subject03,False,True,-55.12886053683927,16.87882894530266,-4.887444002641708,
subject03_frame00497.jpg,subject03,False,True,-30.031172186866264,18.992352600250207,0.07163674138232366,
subject03_frame00499.jpg,subject03,False,True,-17.45179695659224,3.4807093125571367,8.214152642552298,
subject03_frame00502.jpg,subject03,False,True,-28.045419071647274,5.16024468572575,5.272709396510622,
subject03_frame00504.jpg,subject03,False,True,-30.344584988837756,19.025774499671687,5.9522175811456375,
subject03_frame00506.jpg,subject03,False,True,-42.927515086673004,19.294457622869324,-5.662981896912394,
subject03_frame00508.jpg,subject03,False,True,-21.56475992861323,6.768406599412107,2.781540310653543,
subject03_frame00510.jpg,subject03,False,True,-29.874083560955384,27.010153001793523,-2.8264077151499247,
subject03_frame00512.jpg,subject03,False,True,-32.67962207254072,20.6852876188764,0.6283833928011283,
subject03_frame00514.jpg,subject03,False,True,-13.576612120883048,7.633917029429878,-0.6218476846890416,
subject03_frame00517.jpg,subject03,False,True,-7.613852213811572,8.814894056996142,2.755284963810186,
subject03_frame00527.jpg,subject03,False,True,-38.90796882299589,10.804268181205824,-1.1310558318049728,
subject03_frame00571.jpg,subject03,False,True,-41.41826450496632,14.396782155826525,2.288954623191868,
subject03_frame00573.jpg,subject03,False,True,-41.76989793884467,15.374711810244117,-7.139799900190052,
subject03_frame00575.jpg,subject03,False,True,-17.16220121537998,1.0041034596525134,2.777185398949436,
subject03_frame00577.jpg,subject03,False,True,-41.349497842667084,13.501946248737045,0.6247848055466635,
subject03_frame00579.jpg,subject03,False,True,-43.49429592689537,11.813183266504565,-1.5810913523190182,
subject03_frame00581.jpg,subject03,False,True,-29.88456025462928,-2.37178642604503,0.28742893985308904,
subject03_frame00584.jpg,subject03,False,True,-38.57482301014665,14.883009565615515,1.6671386193136262,
subject03_frame00588.jpg,subject03,False,True,-36.25755981650093,15.636920086905002,-0.7351323573570007,
subject03_frame00590.jpg,subject03,False,True,-41.4146545294517,15.862171742296088,3.588432090594812,
subject03_frame00596.jpg,subject03,False,True,-40.55694606777266,10.56466660500533,-4.457733142969689,
subject03_frame00599.jpg,subject03,False,True,-25.667258854823384,-1.4303018993178833,1.125491838688706,
subject03_frame00601.jpg,subject03,False,True,-43.39828766511769,12.2437034744279,-0.9108728989037027,
subject03_frame00603.jpg,subject03,False,True,-36.661306249874876,12.15286418575564,-2.549100954700871,
subject03_frame00605.jpg,subject03,False,True,-43.065370960817965,10.049396611114117,-0.6212578699138925,
subject03_frame00607.jpg,subject03,False,True,-40.93358362116369,13.809860730220715,0.33371968836021637,
subject03_frame00609.jpg,subject03,False,True,-24.748483236806305,57.70215823215236,-5.637850754390384,
subject03_frame00611.jpg,subject03,False,True,-23.027607304196554,46.22855094887617,-9.388652274246477,
subject03_frame00614.jpg,subject03,False,True,-27.00711641134901,47.113138243455964,-10.104799816552097,
subject03_frame00616.jpg,subject03,False,True,-29.21205300034104,41.43711410324711,-7.471302368050952,
subject03_frame00618.jpg,subject03,False,True,-27.39065156967447,39.206020587801085,-5.893070613336142,
subject03_frame00620.jpg,subject03,False,True,-26.43627019959221,26.004980760024267,-7.791019952627026,
subject03_frame00622.jpg,subject03,False,True,-18.363055800045192,10.523985493833594,0.5812321781415376,
subject03_frame00624.jpg,subject03,False,True,-24.51764890493579,27.088753844742925,-2.065492902266732,
subject03_frame00626.jpg,subject03,False,True,-32.04139651803229,29.33199415074114,-3.349660131756256,
subject03_frame00629.jpg,subject03,False,True,-16.22665256168784,11.059564218751502,1.9196959789373826,
subject03_frame00631.jpg,subject03,False,True,-16.706854893837907,9.493530348463112,-0.4424307234844189,
subject03_frame00633.jpg,subject03,False,True,-40.852294456542054,12.545993970561755,-4.689174343255217,
subject03_frame00635.jpg,subject03,False,True,-42.68299040106167,12.16088059405763,-3.6091620654924994,
subject03_frame00637.jpg,subject03,False,True,-47.072849827657684,10.636929907480365,-5.033154387908442,
subject03_frame00639.jpg,subject03,False,True,-44.809106321474964,11.55970115747909,-3.808584226526113,
subject03_frame00644.jpg,subject03,False,True,-28.59362108718256,22.867175422942413,-2.29049607690052,
subject03_frame00646.jpg,subject03,False,True,-32.25808701343373,20.94945772047456,-5.2211454388490175,
subject03_frame00648.jpg,subject03,False,True,-21.497303434286874,37.36938723905299,-2.2224923440737783,
subject03_frame00650.jpg,subject03,False,False,,,,True
subject03_frame00652.jpg,subject03,False,False,,,,True
subject03_frame00654.jpg,subject03,False,False,,,,True
subject03_frame00656.jpg,subject03,False,True,-21.07008696988789,21.47428004490341,-2.7347596756097317,
subject03_frame00659.jpg,subject03,False,True,-22.916842609689976,32.141726303571104,-6.34483206033524,
subject03_frame00661.jpg,subject03,False,True,-23.1585115931044,48.823980862306676,-12.190295213706946,
subject03_frame00663.jpg,subject03,False,True,-23.624334801387388,45.12714271290125,-7.626784174625765,
subject03_frame00665.jpg,subject03,False,True,-13.639720553653627,16.87909783203415,-3.414158806694786,
subject03_frame00667.jpg,subject03,False,True,-23.26345298255746,52.16687571872558,-9.845876118813685,
subject03_frame00669.jpg,subject03,False,True,-22.776760008308948,37.650490543604114,-7.480203572836045,
subject03_frame00671.jpg,subject03,False,True,-20.400791486817518,38.800143197747495,-6.6676318751328605,
subject03_frame00680.jpg,subject03,False,True,-26.574571014890406,10.921245312533692,-3.949226598938501,
subject03_frame00682.jpg,subject03,False,True,-14.734923189458277,4.798247126866929,-1.6566497740147912,
subject03_frame00684.jpg,subject03,False,False,,,,True
subject03_frame00686.jpg,subject03,False,True,-39.483702949191134,13.175304198233501,-3.352276801852013,
subject03_frame00689.jpg,subject03,False,True,-41.44994846397778,13.616517006181592,-1.8885651123684215,
subject03_frame00698.jpg,subject03,False,True,-34.78527835529702,6.8149364826957095,-1.5295011328963064,
subject03_frame00700.jpg,subject03,False,True,-34.821053015044484,5.46541396321099,-2.750355234462754,
subject03_frame00703.jpg,subject03,False,True,-39.07144445056152,3.8413936563751867,-5.507734533070972,
subject03_frame00705.jpg,subject03,False,True,-35.13514026518008,4.177279768042996,-8.155295270699526,
subject03_frame00709.jpg,subject03,False,True,-41.855350601944885,4.163958860296549,-3.558596319140624,
subject03_frame00711.jpg,subject03,False,True,-44.618085550023224,4.384399482900297,-4.396762262079432,
subject03_frame00713.jpg,subject03,False,True,-35.16318893514069,7.566372741437562,-4.2978641338971935,
subject03_frame00715.jpg,subject03,False,True,-35.87491481100455,0.6320290964736262,6.165066112941323,
subject03_frame00718.jpg,subject03,False,True,-42.89553424823472,3.8571764179366714,-2.112872716905815,
subject03_frame00728.jpg,subject03,False,True,-44.40719256373228,13.106692034999607,-0.013317000298169195,
subject03_frame00745.jpg,subject03,False,True,-37.462769052454085,8.002873305566936,-0.7783378232761498,
subject03_frame00789.jpg,subject03,False,True,-18.811637515624874,21.37118479882829,-6.2810707901212615,
subject03_frame00791.jpg,subject03,False,True,-18.551360451668398,31.54539914904455,-8.053640396136707,
subject03_frame00793.jpg,subject03,False,True,-26.128193364543797,4.275654873249908,-6.6680092188939,
subject03_frame00818.jpg,subject03,False,True,-42.58193598351084,14.466471664127758,-8.393953003420792,
subject03_frame00834.jpg,subject03,False,True,-13.414272648448827,13.393274001122922,-2.784109926376033,
subject03_frame00851.jpg,subject03,False,True,-40.97737956849064,11.94387441785803,-2.7774468258607654,
subject03_frame00866.jpg,subject03,False,True,-45.976997197157765,13.52970595730127,-5.521758966383816,
subject03_frame00868.jpg,subject03,False,True,-38.961186338314086,16.85274381864772,-4.0901933827649435,
subject03_frame00870.jpg,subject03,False,True,-42.132986035538785,20.189570214013465,-3.848111108009306,
subject03_frame00873.jpg,subject03,False,True,-25.83523651561081,3.1829316081911943,-2.231083956431286,
subject03_frame00875.jpg,subject03,False,True,-47.09043372413918,17.048667440052643,-5.87642111427635,
subject03_frame00877.jpg,subject03,False,True,-54.084074046333875,13.68586933929784,-3.2701024132202727,
subject03_frame00879.jpg,subject03,False,True,-33.98020873706662,17.688352457132734,-8.874940796762058,
subject03_frame00881.jpg,subject03,False,True,-46.810103348323445,14.601791613465284,-6.589232658462804,
subject03_frame00900.jpg,subject03,False,True,-51.71849101013953,14.397588788636723,-5.870235680512107,
subject03_frame00908.jpg,subject03,False,True,-48.8248552323037,15.514538428583977,-6.367207768650537,
subject04_frame00000.jpg,subject04,False,True,-20.64507561478672,12.514019035537144,5.232108235889717,
subject04_frame00020.jpg,subject04,False,False,,,,True
subject04_frame00041.jpg,subject04,False,True,-24.98212160263166,19.813124594652418,1.985615322549085,
subject04_frame00061.jpg,subject04,False,True,-26.370972827162884,12.968474910462596,1.7951054955689003,
subject04_frame00082.jpg,subject04,False,True,-10.490397791863062,25.969397833182526,-1.9712599735663225,
subject04_frame00103.jpg,subject04,False,True,-13.19200549392534,27.969206695213128,-0.6299662552433795,
subject04_frame00123.jpg,subject04,False,True,-31.865522824514716,13.661586180839961,1.4352737529810935,
subject04_frame00139.jpg,subject04,False,True,-37.774562441959645,9.619596254980634,1.3828267755146872,
subject04_frame00140.jpg,subject04,False,True,-28.896310840821155,15.168809547176172,-0.4465288566793149,
subject04_frame00143.jpg,subject04,False,True,-31.792473261886066,14.233769864801209,0.34990000385731596,
subject04_frame00146.jpg,subject04,False,True,-19.80314174251954,17.942806202578765,4.113358187401791,
subject04_frame00147.jpg,subject04,False,True,-41.180065102009834,9.093513774190612,1.7977858362373615,
subject04_frame00148.jpg,subject04,False,True,-36.42038586917886,13.565703556487929,2.8242821681212398,
subject04_frame00149.jpg,subject04,False,True,-32.13407505201391,15.176525949855863,2.482551717484163,
subject04_frame00152.jpg,subject04,False,True,-33.12296003376493,14.190728887638992,2.388257496445836,
subject04_frame00154.jpg,subject04,False,True,-34.70228114804727,12.289038356271465,2.529985212369469,
subject04_frame00155.jpg,subject04,False,True,-34.239585269790716,11.970904653169102,2.31103762622942,
subject04_frame00156.jpg,subject04,False,True,-37.72309212281951,12.654332133667783,2.3807117115586927,
subject04_frame00157.jpg,subject04,False,True,-37.38936297293362,11.592010689355982,2.135561256549824,
subject04_frame00158.jpg,subject04,False,True,-31.69832264393806,12.27122718900035,0.9848744175570121,
subject04_frame00159.jpg,subject04,False,True,-36.07107714458663,12.113332493145043,2.187124137954692,
subject04_frame00160.jpg,subject04,False,True,-31.454467758271214,12.313520781785389,2.17074183665592,
subject04_frame00161.jpg,subject04,False,True,-38.44220390590004,10.676967794318948,1.636517700659031,
subject04_frame00162.jpg,subject04,False,True,-34.53559712024012,10.825262094615207,4.078967568430667,
subject04_frame00163.jpg,subject04,False,True,-37.3831216673273,10.927966862708562,1.6642745804008117,
subject04_frame00164.jpg,subject04,False,True,-39.057951987575265,10.11404971365896,0.24386702320127765,
subject04_frame00165.jpg,subject04,False,True,-37.39648453586289,10.998575945710332,3.4699773178045485,
subject04_frame00166.jpg,subject04,False,True,-38.38131911043412,11.779850572840472,3.8611741351503537,
subject04_frame00167.jpg,subject04,False,True,-29.579126338065645,12.06309362773203,2.7846975353150105,
subject04_frame00168.jpg,subject04,False,True,-36.30079782200302,12.023256476198457,3.5311955667562773,
subject04_frame00169.jpg,subject04,False,True,-36.72374547569106,11.808492409483689,2.278582001201786,
subject04_frame00170.jpg,subject04,False,True,-37.3396495420625,12.370708336664332,2.9877798416569665,
subject04_frame00171.jpg,subject04,False,True,-32.37835544291422,13.24376856618244,2.839952594753945,
subject04_frame00172.jpg,subject04,False,True,-35.69038688410294,12.567875724687765,2.9167327516195014,
subject04_frame00174.jpg,subject04,False,True,-36.41166562155514,12.468950910876165,2.675262094552425,
subject04_frame00175.jpg,subject04,False,True,-34.91007941700734,13.327661866989528,3.913243414630397,
subject04_frame00176.jpg,subject04,False,True,-36.13322568348557,12.659589585889947,1.9264745992734928,
subject04_frame00177.jpg,subject04,False,True,-31.925243830104606,12.834179872036959,4.2389377447721515,
subject04_frame00178.jpg,subject04,False,True,-29.16182703870997,13.004882372433608,3.8909317941509993,
subject04_frame00179.jpg,subject04,False,True,-31.09640761456892,13.619803340780237,4.82089825947706,
subject04_frame00181.jpg,subject04,False,True,-38.82210420711805,11.339438865983887,1.517257374020337,
subject04_frame00182.jpg,subject04,False,True,-35.769900362226984,11.413282098599723,1.7000045025183,
subject04_frame00184.jpg,subject04,False,True,-35.68166652428505,13.75018467020296,4.674185562752088,
subject04_frame00185.jpg,subject04,False,True,-29.765016258380356,12.855437406208859,3.124828080687697,
subject04_frame00186.jpg,subject04,False,True,-38.987551822316085,10.490568428207647,4.662364650066205,
subject04_frame00187.jpg,subject04,False,True,-35.63955075900837,10.943449245937888,2.781384297890442,
subject04_frame00188.jpg,subject04,False,True,-36.473267417591046,12.125838181755263,3.8733826923029566,
subject04_frame00189.jpg,subject04,False,True,-36.00148740605844,10.598674582281742,3.2008048074413624,
subject04_frame00190.jpg,subject04,False,True,-36.15540771089289,11.044884765749,3.311352891509997,
subject04_frame00191.jpg,subject04,False,True,-34.0222769047504,11.11904874068044,1.9906377171789567,
subject04_frame00192.jpg,subject04,False,True,-33.85966971160794,12.115118804205302,1.7524611399876822,
subject04_frame00193.jpg,subject04,False,True,-36.51671190612303,12.50811739153024,3.215820840662627,
subject04_frame00194.jpg,subject04,False,True,-39.023101352247316,10.982921438619101,3.4670147426220996,
subject04_frame00196.jpg,subject04,False,True,-37.56778754367924,11.553489603792109,3.1158449958325023,
subject04_frame00198.jpg,subject04,False,True,-37.953388763167325,10.633722137734793,3.409459298545813,
subject04_frame00199.jpg,subject04,False,True,-31.581675104134174,11.641273650249248,2.1949480867867153,
subject04_frame00200.jpg,subject04,False,True,-35.529781606046186,12.982236067144491,3.0215598051802566,
subject04_frame00202.jpg,subject04,False,True,-31.619470971808923,12.031786551661053,2.0580348452093764,
subject04_frame00203.jpg,subject04,False,True,-31.508358589556085,11.881705572731002,2.971935346554525,
subject04_frame00204.jpg,subject04,False,True,-37.14780829621347,10.548797391166856,2.4707700810001487,
subject04_frame00205.jpg,subject04,False,True,-38.169696789286554,9.861390364637742,1.0814163211401642,
subject04_frame00207.jpg,subject04,False,True,-39.762084541767386,11.49946581777721,3.3987422000844028,
subject04_frame00208.jpg,subject04,False,True,-33.70820299081706,12.19052136695391,3.470675233047127,
subject04_frame00209.jpg,subject04,False,True,-38.29628744770226,11.541124361163137,3.5097025576390837,
subject04_frame00211.jpg,subject04,False,True,-32.620669979394414,12.280109296928734,2.7544137234966337,
subject04_frame00212.jpg,subject04,False,True,-39.378175638683174,10.808385083757559,3.503850946491375,
subject04_frame00213.jpg,subject04,False,True,-37.80395750666833,11.199556285910425,1.882016974694259,
subject04_frame00214.jpg,subject04,False,True,-38.879077519676734,11.199301355464561,3.0670868540076897,
subject04_frame00215.jpg,subject04,False,True,-36.404047699461586,11.703480623069177,3.9324409075969573,
subject04_frame00216.jpg,subject04,False,True,-38.1393328987244,12.336426581874916,4.640682099583295,
subject04_frame00217.jpg,subject04,False,True,-38.15092936245029,10.77831110059131,3.424973070574586,
subject04_frame00218.jpg,subject04,False,True,-36.425815023144146,11.928999515998127,2.620395652959861,
subject04_frame00219.jpg,subject04,False,True,-40.17545986364737,10.936421415627109,3.0033215666570596,
subject04_frame00220.jpg,subject04,False,True,-37.32891883683503,11.801302222784452,4.753887006634803,
subject04_frame00221.jpg,subject04,False,True,-37.62880633185202,12.057868706151831,2.245691918298302,
subject04_frame00223.jpg,subject04,False,True,-40.1278150846683,11.290446968003089,2.684886581537571,
subject04_frame00224.jpg,subject04,False,True,-38.859340444584,10.499985741278827,1.271114958436672,
subject04_frame00225.jpg,subject04,False,True,-34.09126463468882,12.223756405360817,2.24813063152279,
subject04_frame00226.jpg,subject04,False,True,-39.495555246989255,10.449315372097171,1.319582041855322,
subject04_frame00228.jpg,subject04,False,True,-39.30174562169465,11.445915025587995,2.518975012785786,
subject04_frame00229.jpg,subject04,False,True,-36.792635513755364,13.065609020872788,3.4859134139335612,
subject04_frame00230.jpg,subject04,False,True,-34.61675789029281,12.964029887138771,3.7633172043110954,
subject04_frame00231.jpg,subject04,False,True,-37.214230853535334,11.064701451341417,3.6176933932169066,
subject04_frame00232.jpg,subject04,False,True,-38.00030938130009,11.034161035215195,2.5391795064687828,
subject04_frame00233.jpg,subject04,False,True,-39.8340346123266,9.886599883899004,1.9265857010539962,
subject04_frame00234.jpg,subject04,False,True,-37.47060833861087,11.612198606502504,3.426898731844354,
subject04_frame00235.jpg,subject04,False,True,-39.7252198229987,10.135771081456001,2.126247095499061,
subject04_frame00236.jpg,subject04,False,True,-34.24901608385358,11.8515873905095,4.582339667851852,
subject04_frame00237.jpg,subject04,False,True,-38.473330868844954,11.42273133501151,3.545873325920078,
subject04_frame00238.jpg,subject04,False,True,-39.031923218090576,10.889440290805814,2.064911063093236,
subject04_frame00239.jpg,subject04,False,True,-40.5252451800326,9.705518428625059,2.3503392127075617,
subject04_frame00240.jpg,subject04,False,True,-34.378852717699175,12.367257801729659,3.0111693925754883,
subject04_frame00241.jpg,subject04,False,True,-39.246893899552035,11.269231150254573,3.141571697498666,
subject04_frame00242.jpg,subject04,False,True,-40.41415558275883,11.401851292683173,2.970694053746342,
subject04_frame00243.jpg,subject04,False,True,-38.460647715845944,10.44893939445237,2.7265439991051053,
subject04_frame00244.jpg,subject04,False,True,-39.4001719925037,11.148724637589847,2.4337781381868244,
subject04_frame00245.jpg,subject04,False,True,-41.02868411643517,10.2230645613821,2.779780038736141,
subject04_frame00246.jpg,subject04,False,True,-39.79351177779143,11.240188230277624,3.8165491924774257,
subject04_frame00247.jpg,subject04,False,True,-41.110814459089696,10.488753723922864,2.1517343508924047,
subject04_frame00248.jpg,subject04,False,True,-36.585971283428016,10.824713139529456,3.7759998792460165,
subject04_frame00249.jpg,subject04,False,True,-38.94868900852522,11.775323955724483,3.8783434656607234,
subject04_frame00250.jpg,subject04,False,True,-38.959921351593714,10.737364828312703,4.04772870907811,
subject04_frame00251.jpg,subject04,False,True,-39.3892275778416,11.571071810202698,2.799640306585277,
subject04_frame00252.jpg,subject04,False,True,-38.94615307299258,11.422524489549032,2.8737534453863,
subject04_frame00253.jpg,subject04,False,True,-39.04244160470445,12.200579196029414,2.6792130306777575,
subject04_frame00254.jpg,subject04,False,True,-37.17542035652043,13.424339126620382,5.221113028625176,
subject04_frame00255.jpg,subject04,False,True,-38.201880826648434,10.764149153788951,3.531797959733351,
subject04_frame00256.jpg,subject04,False,True,-37.331944962402716,12.08262776371071,4.887385898019311,
subject04_frame00257.jpg,subject04,False,True,-39.1650554220485,11.395324427432351,3.6260641492288825,
subject04_frame00258.jpg,subject04,False,True,-39.59108160550605,11.148153249592529,2.502162775453023,
subject04_frame00260.jpg,subject04,False,True,-39.79110751184728,11.159608266662048,3.4994984711734687,
subject04_frame00261.jpg,subject04,False,True,-35.88735520500005,13.346799201080263,5.1433199488435895,
subject04_frame00262.jpg,subject04,False,True,-27.730667909386703,13.997450782783822,6.3777327175674,
subject04_frame00263.jpg,subject04,False,True,-37.2844766964909,12.359206893733896,2.7340742766976915,
subject04_frame00264.jpg,subject04,False,True,-37.30261050618169,12.386367747619534,3.882492908842251,
subject04_frame00266.jpg,subject04,False,True,-33.15145368773729,13.019262536478367,5.60441187828355,
subject04_frame00267.jpg,subject04,False,True,-31.283332276799186,13.581266820099842,6.423409083921253,
subject04_frame00268.jpg,subject04,False,True,-40.38454671073075,9.719161609933524,0.46611258156194657,
subject04_frame00269.jpg,subject04,False,True,-37.27431542894471,8.988573893266304,1.609406881587637,
subject04_frame00275.jpg,subject04,False,True,-29.123966428164653,13.96701024024763,0.6680096437741836,
subject04_frame00296.jpg,subject04,False,True,-20.89173121748345,32.045729341033756,-0.0144381917541674,
subject04_frame00316.jpg,subject04,False,True,-27.46757329262593,30.262617870213628,-6.437944408371342,
subject04_frame00337.jpg,subject04,False,True,-18.195156792691037,33.80122489804337,-0.45382762764012397,
subject04_frame00357.jpg,subject04,False,False,,,,True
subject04_frame00378.jpg,subject04,False,True,-21.709688403828245,27.29583011359511,1.3327402317720423,
subject04_frame00399.jpg,subject04,False,True,-14.754611906110362,4.553362957898808,-0.5865843749199807,
subject04_frame00419.jpg,subject04,False,True,-9.56066408005044,8.294550790236604,1.0436509069069242,
subject04_frame00426.jpg,subject04,False,True,-12.812993995758324,6.993228949009822,-2.0911275233965125,
subject04_frame00427.jpg,subject04,False,True,-14.753750928461894,32.584719512938996,-1.2483017704180932,
subject04_frame00428.jpg,subject04,False,True,-15.582385733734968,25.656565213925894,-2.249129100962766,
subject04_frame00444.jpg,subject04,False,True,-11.753393684412424,8.14059957562599,1.4897995602137573,
subject04_frame00506.jpg,subject04,False,True,-25.42847651763206,13.569267387863317,5.7900370854010275,
subject04_frame00507.jpg,subject04,False,False,,,,True
subject04_frame00508.jpg,subject04,False,False,,,,True
subject04_frame00509.jpg,subject04,False,False,,,,True
subject04_frame00510.jpg,subject04,False,False,,,,True
subject04_frame00511.jpg,subject04,False,False,,,,True
subject04_frame00512.jpg,subject04,False,False,,,,True
subject04_frame00513.jpg,subject04,False,False,,,,True
subject04_frame00514.jpg,subject04,False,False,,,,True
subject04_frame00515.jpg,subject04,False,False,,,,True
subject04_frame00516.jpg,subject04,False,False,,,,True
subject04_frame00517.jpg,subject04,False,False,,,,True
subject04_frame00518.jpg,subject04,False,False,,,,True
subject04_frame00519.jpg,subject04,False,False,,,,True
subject04_frame00520.jpg,subject04,False,False,,,,True
subject04_frame00521.jpg,subject04,False,True,-41.85532197870426,-2.9417303955416703,8.107580966170898,
subject04_frame00522.jpg,subject04,False,False,,,,True
subject04_frame00524.jpg,subject04,False,False,,,,True
subject04_frame00525.jpg,subject04,False,True,-27.57870141517361,9.448934503905742,1.6745616531750809,
subject04_frame00566.jpg,subject04,False,True,-28.049837496774632,12.489495163457553,-2.176811042102307,
subject04_frame00587.jpg,subject04,False,True,-38.183024493384764,5.826341222281536,3.4142289833609545,
subject04_frame00607.jpg,subject04,False,True,-52.54108079020224,19.144255379333405,0.3024081445766508,
subject04_frame00628.jpg,subject04,False,True,-24.48901265214089,34.317743480056066,-7.780331053606679,
subject04_frame00669.jpg,subject04,False,True,-5.843505245700738,4.215582316174729,2.8928353286867052,
subject04_frame00710.jpg,subject04,False,True,-23.351391819495678,30.670991523860923,-3.4806459561367706,
subject04_frame00731.jpg,subject04,False,True,-23.060802500747304,33.035271582759414,-4.630507679909289,
subject04_frame00752.jpg,subject04,False,True,-22.095914531064167,31.882085504384698,-0.6945167226175415,
subject04_frame00772.jpg,subject04,False,True,-27.523938379348976,37.53584934415077,-9.973277554175882,
subject04_frame00793.jpg,subject04,False,True,-21.630489209050744,34.20202129276751,-2.2118327919387224,
subject04_frame00814.jpg,subject04,False,True,-20.784730649798263,33.92371269245731,-7.895171173409493,
subject04_frame00829.jpg,subject04,False,True,-36.467441228432136,12.707664291438972,5.125613955846637,
subject04_frame00830.jpg,subject04,False,True,-27.320806185610667,16.836471223813053,6.884182691643197,
subject04_frame00857.jpg,subject04,False,True,-16.047625038695855,23.26829078671761,1.1312010699462132,
subject06_phonewin_0309.00s.jpg,subject06,True,False,,,,True
subject06_phonewin_0309.20s.jpg,subject06,True,False,,,,True
subject06_phonewin_0309.40s.jpg,subject06,True,True,-10.942498452331131,17.94569064972343,-10.714073814644179,
subject06_phonewin_0309.80s.jpg,subject06,True,True,-27.70816538528287,8.127453565446523,-13.340346465023881,
subject06_phonewin_0310.00s.jpg,subject06,True,True,-20.280429899479277,13.738415098938631,-14.140400728635642,
subject06_phonewin_0310.60s.jpg,subject06,True,False,,,,True
subject06_phonewin_0310.80s.jpg,subject06,True,False,,,,True
subject06_phonewin_0311.00s.jpg,subject06,True,False,,,,True
subject06_phonewin_0311.20s.jpg,subject06,True,False,,,,True
subject06_phonewin_0311.40s.jpg,subject06,True,False,,,,True
subject06_phonewin_0311.60s.jpg,subject06,True,False,,,,True
subject06_phonewin_0312.00s.jpg,subject06,True,False,,,,True
subject06_phonewin_0312.20s.jpg,subject06,True,False,,,,True
subject06_phonewin_0312.40s.jpg,subject06,True,True,-12.453635703342899,43.39820414602722,-6.921765953810291,
subject06_phonewin_0312.60s.jpg,subject06,True,True,-23.747360668090362,23.900785032165636,-12.307624382996233,
subject06_phonewin_0313.00s.jpg,subject06,True,True,-19.472383802806412,18.19109596147761,-9.803869197482584,
subject06_phonewin_0313.20s.jpg,subject06,True,True,-29.56157087340186,14.366016826603891,-17.922053988947106,
subject06_phonewin_0313.40s.jpg,subject06,True,True,-22.254416390763957,17.521845268838742,-13.182290110833474,
subject06_phonewin_0313.60s.jpg,subject06,True,True,-26.22361180835586,28.59493797047334,-14.139116725633917,
subject06_phonewin_0313.80s.jpg,subject06,True,True,-27.581985061318772,29.434587373734228,-15.102413327334757,
subject06_phonewin_0314.00s.jpg,subject06,True,False,,,,True
subject06_phonewin_0314.20s.jpg,subject06,True,True,-26.404752200896088,36.06781872205063,-17.353288777030635,
subject06_phonewin_0314.40s.jpg,subject06,True,True,-22.527396690284164,26.89554908910353,-12.626906891374414,
subject06_phonewin_0314.80s.jpg,subject06,True,True,-11.213114663027651,21.989057886456166,-7.080624365888219,
subject06_phonewin_0315.00s.jpg,subject06,True,False,,,,True
subject06_phonewin_0315.20s.jpg,subject06,True,False,,,,True
subject06_phonewin_0315.40s.jpg,subject06,True,False,,,,True
subject06_phonewin_0315.60s.jpg,subject06,True,False,,,,True
subject06_phonewin_0315.80s.jpg,subject06,True,False,,,,True
subject06_phonewin_0316.00s.jpg,subject06,True,False,,,,True
subject06_phonewin_0316.20s.jpg,subject06,True,False,,,,True
subject06_phonewin_0316.40s.jpg,subject06,True,False,,,,True
subject06_phonewin_0316.60s.jpg,subject06,True,False,,,,True
subject06_phonewin_0316.80s.jpg,subject06,True,False,,,,True
subject06_phonewin_0317.00s.jpg,subject06,True,False,,,,True
subject06_phonewin_0317.20s.jpg,subject06,True,False,,,,True
subject06_phonewin_0317.40s.jpg,subject06,False,False,,,,True
subject06_phonewin_0317.80s.jpg,subject06,False,False,,,,True
subject06_phonewin_0318.40s.jpg,subject06,False,False,,,,True
subject06_phonewin_0318.60s.jpg,subject06,True,False,,,,True
subject06_phonewin_0319.00s.jpg,subject06,False,True,-14.463791217983475,1.650534380852265,6.401602936643413,
subject06_phonewin_0319.20s.jpg,subject06,False,True,-47.17237868119616,8.080681675836885,4.74380297373383,
subject06_phonewin_0319.40s.jpg,subject06,False,True,-45.205126060671695,16.421467885222494,4.473735796840221,
subject06_phonewin_0319.60s.jpg,subject06,False,True,-35.99608156268485,19.61164966874979,3.492017691856233,
subject06_phonewin_0319.80s.jpg,subject06,False,True,-20.77425887722222,13.982041372715956,4.387901810946911,
subject06_phonewin_0320.00s.jpg,subject06,False,True,-18.471042593903164,14.040845106625802,6.469401433375842,
subject06_phonewin_0320.20s.jpg,subject06,False,True,-28.09302827414766,23.385480195708798,3.6574017476657317,
subject06_phonewin_0320.40s.jpg,subject06,False,True,-15.956368945030254,23.643485787403776,0.8916193085749596,
subject06_phonewin_0320.60s.jpg,subject06,False,True,-11.542841807309044,8.566099798059627,-0.8552625921322655,
subject06_phonewin_0321.00s.jpg,subject06,False,True,-14.103127526078296,2.825431676309589,-3.090003960623563,
subject06_phonewin_0321.20s.jpg,subject06,False,True,-14.269265743781935,3.7223291712495503,-0.4176174859213262,
subject06_phonewin_0321.40s.jpg,subject06,True,True,-43.54237879294267,24.57943205684403,-8.293564043273879,
subject06_phonewin_0321.60s.jpg,subject06,True,True,-12.589344127311689,3.0069636858409625,-2.1430008501165956,
subject06_phonewin_0321.80s.jpg,subject06,False,True,-14.050318439912301,1.8906937176835532,-2.4755815511027888,
subject06_phonewin_0322.00s.jpg,subject06,False,True,-37.21290850292455,24.735282310379155,-10.583177266811356,
subject06_phonewin_0322.20s.jpg,subject06,False,True,-37.08882996314502,30.83140231144816,-11.158644512067756,
subject06_phonewin_0322.40s.jpg,subject06,True,True,-12.769323797955174,3.4103755464773755,-2.3878951248041647,
subject06_phonewin_0322.60s.jpg,subject06,True,True,-12.269143279778692,1.0132139108799874,-2.512174440608171,
subject06_phonewin_0322.80s.jpg,subject06,True,True,-14.640543713494694,3.2224846599578107,-2.511501514293621,
subject06_phonewin_0323.00s.jpg,subject06,True,True,-33.41705277907021,24.770658233958983,-6.437827400657919,
subject06_phonewin_0323.20s.jpg,subject06,True,True,-17.276086838849018,-0.3680915218461548,-3.561903173556808,
subject06_phonewin_0323.40s.jpg,subject06,True,True,-18.638848581070352,0.9638644048617133,-4.643982851984717,
subject06_phonewin_0323.60s.jpg,subject06,True,True,-15.51548222914504,2.320400526800393,-2.592647383428693,
subject06_phonewin_0323.80s.jpg,subject06,True,True,-14.385735573276682,0.728474226645901,-1.5581612343030635,
subject06_phonewin_0324.00s.jpg,subject06,True,True,-35.87997491304684,24.25356544184434,-7.837717712458499,
subject06_phonewin_1025.00s.jpg,subject06,True,False,,,,True
subject06_phonewin_1025.20s.jpg,subject06,False,False,,,,True
subject06_phonewin_1025.60s.jpg,subject06,True,False,,,,True
subject06_phonewin_1025.80s.jpg,subject06,False,False,,,,True
subject06_phonewin_1026.20s.jpg,subject06,True,False,,,,True
subject06_phonewin_1026.40s.jpg,subject06,True,False,,,,True
subject06_phonewin_1026.60s.jpg,subject06,True,False,,,,True
subject06_phonewin_1026.80s.jpg,subject06,False,False,,,,True
subject06_phonewin_1027.40s.jpg,subject06,False,False,,,,True
subject06_phonewin_1027.60s.jpg,subject06,False,False,,,,True
subject06_phonewin_1027.80s.jpg,subject06,True,True,-32.75321204422459,10.992965199813897,-5.145057421487698,
subject06_phonewin_1028.00s.jpg,subject06,True,True,-19.796932539363677,8.439502191399761,-2.3494813311373526,
subject06_phonewin_1028.20s.jpg,subject06,True,True,-43.4374317914109,14.113704126679599,-2.697016022190079,
subject06_phonewin_1028.40s.jpg,subject06,True,True,-38.20696261762027,6.024644051042502,-7.9720163152128345,
subject06_phonewin_1028.60s.jpg,subject06,True,False,,,,True
subject06_phonewin_1028.80s.jpg,subject06,True,False,,,,True
subject06_phonewin_1029.00s.jpg,subject06,True,True,-23.027404383718704,10.131686910210046,8.147592422145724,
subject06_phonewin_1029.20s.jpg,subject06,True,False,,,,True
subject06_phonewin_1029.40s.jpg,subject06,True,False,,,,True
subject06_phonewin_1029.60s.jpg,subject06,True,False,,,,True
subject06_phonewin_1029.80s.jpg,subject06,True,False,,,,True
subject06_phonewin_1030.00s.jpg,subject06,True,False,,,,True
subject06_phonewin_1030.20s.jpg,subject06,True,False,,,,True
subject06_phonewin_1030.40s.jpg,subject06,True,False,,,,True
subject06_phonewin_1030.60s.jpg,subject06,True,False,,,,True
subject06_phonewin_1030.80s.jpg,subject06,True,False,,,,True
subject06_phonewin_1031.00s.jpg,subject06,True,False,,,,True
subject06_phonewin_1031.20s.jpg,subject06,True,True,-30.48286899950148,6.251164012093354,3.778888750651778,
subject06_phonewin_1031.40s.jpg,subject06,True,True,-19.840716670103344,5.001395464509073,-3.231324855976861,
subject06_phonewin_1031.60s.jpg,subject06,True,True,-24.31326923298723,27.34069641183385,-6.7833338283050475,
subject06_phonewin_1032.00s.jpg,subject06,True,True,-6.179692467964209,35.7883693505204,3.753305988443037,
subject06_phonewin_1032.20s.jpg,subject06,True,True,-14.079947607081456,37.049346277636296,-2.4051646778474947,
subject06_phonewin_1032.40s.jpg,subject06,True,True,-19.38125419076654,21.67231863926079,-0.41247912999854375,
subject06_phonewin_1032.60s.jpg,subject06,True,True,-32.99559626613032,6.3536858663454066,-1.7110139197848468,
subject06_phonewin_1032.80s.jpg,subject06,True,True,-34.970093634421794,5.8147113439556675,-0.7522143565960697,
subject06_phonewin_1033.00s.jpg,subject06,True,True,-32.64845846075074,7.284030929068182,-0.8450133971325158,
subject06_phonewin_1033.20s.jpg,subject06,True,True,-28.57506780403753,9.098516559790864,-2.1838593285646817,
subject06_phonewin_1033.40s.jpg,subject06,True,True,-27.22095142424954,11.40811933134911,-3.65407385246976,
subject06_phonewin_1033.60s.jpg,subject06,True,True,-26.801705386945816,10.620383721036166,-2.8827700235242624,
subject06_phonewin_1033.80s.jpg,subject06,True,True,-27.120432475726677,10.13268847918793,-3.276745043653286,
subject06_phonewin_1034.00s.jpg,subject06,True,True,-29.062194741042177,7.853168262187901,-2.5080986753032946,
subject06_phonewin_1034.20s.jpg,subject06,True,True,-22.578000920177804,10.777778819406908,-2.9413561393426173,
subject06_phonewin_1034.40s.jpg,subject06,True,True,-17.03562351506387,13.16765586079819,-4.955801048374613,
subject06_phonewin_1034.60s.jpg,subject06,True,True,-16.830131647497847,11.933781673846132,-4.575612466579546,
subject06_phonewin_1034.80s.jpg,subject06,True,True,-20.507040422861635,16.117408803942507,-6.570658141826514,
subject06_phonewin_1035.00s.jpg,subject06,True,True,-20.111593763896206,14.897172170802847,-5.295949642267434,
subject06_phonewin_1035.20s.jpg,subject06,True,True,-21.00689614023446,15.313312845211692,-4.165703238434918,
subject06_phonewin_1035.40s.jpg,subject06,True,True,-15.46318096278794,22.02545296374966,-1.376477760376829,
subject06_phonewin_1035.60s.jpg,subject06,True,True,-13.980223202285659,25.770640241432577,-0.04940696413717299,
subject06_phonewin_1035.80s.jpg,subject06,True,True,-13.040910080672429,26.830064642635513,-1.1980325725027656,
subject06_phonewin_1036.00s.jpg,subject06,True,True,-10.819562560755037,32.46250599580059,0.04561528626634004,
subject06_phonewin_1036.20s.jpg,subject06,True,True,-11.644155969365304,31.120015956393875,-0.3637223526735111,
subject06_phonewin_1036.60s.jpg,subject06,True,True,-13.997608667009711,31.831067226018796,0.5134610887681109,
subject06_phonewin_1036.80s.jpg,subject06,True,True,-18.306134030156652,29.00421852272721,-7.240994297937999,
subject06_phonewin_1037.40s.jpg,subject06,False,False,,,,True
subject06_phonewin_1037.80s.jpg,subject06,False,False,,,,True
subject06_phonewin_1038.00s.jpg,subject06,False,False,,,,True
subject06_phonewin_1038.40s.jpg,subject06,True,True,-10.516899220913016,33.19494238853379,-2.03668487273547,
subject06_phonewin_1038.60s.jpg,subject06,True,True,-20.87635951072333,14.453995462707477,-1.1057708429213513,
subject06_phonewin_1038.80s.jpg,subject06,True,True,-36.466063964636085,5.250091885481481,-4.774390398496879,
subject06_phonewin_1039.20s.jpg,subject06,True,True,-36.622578315490024,6.076573532107749,-5.313205119607642,
subject06_phonewin_1039.80s.jpg,subject06,True,True,-45.279083213823995,0.12655296072261055,-3.0713366598905325,
subject06_phonewin_1040.00s.jpg,subject06,True,True,-46.31642332304746,-0.3611176754555678,-2.5374790473063795,
subject06_phonewin_1040.20s.jpg,subject06,True,True,-43.97819990723504,-1.4355801564640864,-3.268410289627363,
subject06_phonewin_1040.40s.jpg,subject06,True,True,-39.75113561276719,-6.812212179078922,-1.7042262688857748,
subject06_phonewin_1040.60s.jpg,subject06,True,True,-41.59399475786518,-4.8298369079321795,-2.448387429232138,
subject06_phonewin_1040.80s.jpg,subject06,True,True,-19.955431461761254,-15.034281275480016,-1.8012698126642606,
subject06_phonewin_1041.00s.jpg,subject06,True,True,-18.56559475820405,-15.256489524485154,-1.9837590619571552,
subject06_phonewin_1041.20s.jpg,subject06,True,True,-16.443066030238796,-13.615509138299858,3.43285429334161,
subject06_phonewin_1041.40s.jpg,subject06,True,True,-9.404613311983217,-7.02639781750342,1.790496694658411,
subject06_phonewin_1041.60s.jpg,subject06,True,True,-12.05060141650983,-10.098820836303437,-3.2204852203552945,
subject06_phonewin_1041.80s.jpg,subject06,True,True,-15.741147835986713,-8.733929880119028,-1.4569505295845422,
subject06_phonewin_1042.40s.jpg,subject06,True,True,-25.791816473625065,8.145237429034848,-5.245966250432066,
subject06_phonewin_1042.60s.jpg,subject06,False,False,,,,True
subject06_phonewin_1042.80s.jpg,subject06,False,False,,,,True
subject06_phonewin_1043.00s.jpg,subject06,True,False,,,,True
subject09_phonewin_0473.00s.jpg,subject09,True,True,-12.262721895874035,10.816502736028514,-0.26225476489953736,
subject09_phonewin_0473.20s.jpg,subject09,True,True,-31.92385160920673,10.658845772039326,-3.0408388362742005,
subject09_phonewin_0473.40s.jpg,subject09,True,True,-19.312015954376704,14.928872673170295,-2.700455652522799,
subject09_phonewin_0473.60s.jpg,subject09,True,True,-19.62687590572196,19.96729382535262,-4.921069784700304,
subject09_phonewin_0473.80s.jpg,subject09,True,True,-19.93452071122297,17.94608056066738,-3.663005237231248,
subject09_phonewin_0474.00s.jpg,subject09,True,True,-17.88524557441269,19.15908692869622,-4.005451750069897,
subject09_phonewin_0474.20s.jpg,subject09,True,True,-35.4249611371147,10.086061803863327,-3.1783133938505053,
subject09_phonewin_0474.40s.jpg,subject09,True,True,-33.5391831521206,11.667716550398971,1.1644242438427397,
subject09_phonewin_0474.60s.jpg,subject09,True,True,-40.52961603309934,9.739245065011417,0.18121525924079154,
subject09_phonewin_0474.80s.jpg,subject09,True,True,-39.54763407222576,8.637749920714532,-0.9014107948582779,
subject09_phonewin_0475.00s.jpg,subject09,True,True,-37.53938755105471,10.80360984129305,1.4483596247475652,
subject09_phonewin_0475.20s.jpg,subject09,True,True,-34.60759430554086,10.064985483023685,0.7824571591818823,
subject09_phonewin_0475.40s.jpg,subject09,True,True,-36.35888339790427,7.4440684741420595,3.378518515001648,
subject09_phonewin_0475.60s.jpg,subject09,True,True,-33.941039413397164,11.729715979388581,3.776057136080525,
subject09_phonewin_0475.80s.jpg,subject09,True,True,-35.21584285215748,6.949754731428403,3.5776996041921256,
subject09_phonewin_0476.00s.jpg,subject09,True,True,-37.56837488782236,9.416800565114523,3.61754810380176,
subject09_phonewin_0476.20s.jpg,subject09,True,True,-36.6654254834521,10.298341369405183,3.138475977718301,
subject09_phonewin_0476.40s.jpg,subject09,True,True,-36.14288513532962,6.5738099324887,3.187572355231559,
subject09_phonewin_0476.60s.jpg,subject09,True,True,-36.1781329721945,8.627307810967853,1.6261714752073557,
subject09_phonewin_0476.80s.jpg,subject09,True,True,-32.45242222073299,10.283929237201464,0.37277285614655914,
subject09_phonewin_0477.00s.jpg,subject09,True,True,-32.391407945372116,10.007034036204569,1.674267066810354,
subject09_phonewin_0477.20s.jpg,subject09,True,True,-33.44266840249984,10.104957346881674,0.16391873684882433,
subject09_phonewin_0477.40s.jpg,subject09,True,True,-32.903164359679145,8.8370315212138,1.4709774680052188,
subject09_phonewin_0477.60s.jpg,subject09,True,True,-30.85235920553298,9.193229928892544,2.170800624877402,
subject09_phonewin_0477.80s.jpg,subject09,True,True,-32.54637875659274,9.553723151889711,-0.8395547725961601,
subject09_phonewin_0478.00s.jpg,subject09,True,True,-34.095468957062224,9.369668608478563,0.6478236961583991,
subject09_phonewin_0478.20s.jpg,subject09,True,True,-31.782574191110182,11.082748464644245,-0.2305722800146314,
subject09_phonewin_0478.40s.jpg,subject09,True,True,-28.45017734937903,9.086938912384005,2.177593382219962,
subject09_phonewin_0478.60s.jpg,subject09,True,True,-20.063498645771844,3.783085241465277,3.4675765029687042,
subject09_phonewin_0478.80s.jpg,subject09,True,True,-43.40268578767272,4.290038097105409,1.4881042241809892,
subject09_phonewin_0479.00s.jpg,subject09,True,True,-44.39196132280472,4.602661328215931,2.109033609624796,
subject09_phonewin_0479.20s.jpg,subject09,True,True,-40.26814676864163,3.608928255395834,2.040749527202539,
subject09_phonewin_0479.40s.jpg,subject09,True,True,-40.853737014012296,4.213062921375043,1.9049093612589898,
subject09_phonewin_0479.60s.jpg,subject09,True,True,-31.96606267284413,5.4100618065731085,3.607212154433348,
subject09_phonewin_0479.80s.jpg,subject09,True,True,-36.84515086349694,9.688504822295224,-0.5298822894014399,
subject09_phonewin_0480.00s.jpg,subject09,True,True,-35.01754486054128,8.193829589626167,-1.262885212123718,
subject09_phonewin_0480.20s.jpg,subject09,True,True,-30.085461363395925,9.162338460880504,-0.24706711904696949,
subject09_phonewin_0480.40s.jpg,subject09,True,True,-32.7708965938079,9.45456740973376,-0.8645024825384546,
subject09_phonewin_0480.60s.jpg,subject09,True,True,-30.426284103045994,10.297821098336124,-1.9793253067197951,
subject09_phonewin_0480.80s.jpg,subject09,True,True,-29.198536343611583,9.892521849740882,-1.0866355283861313,
subject09_phonewin_0481.00s.jpg,subject09,True,True,-32.632051295193904,10.701358313892191,-0.6783173264606588,
subject09_phonewin_0481.20s.jpg,subject09,True,True,-30.268096288537755,9.920897109652085,1.6356028208044449,
subject09_phonewin_0481.40s.jpg,subject09,True,True,-35.76376218412374,8.665221711313619,1.5496490543334758,
subject09_phonewin_0481.60s.jpg,subject09,True,True,-35.04666891205468,7.538407655581452,2.5806208803879573,
subject09_phonewin_0481.80s.jpg,subject09,True,True,-40.445624624393645,6.317492043351335,4.0914443990522935,
subject09_phonewin_0482.00s.jpg,subject09,True,True,-39.407477163867995,3.5961313733171485,5.621351294657196,
subject09_phonewin_0482.20s.jpg,subject09,True,True,-37.07819935622147,3.6803982469801304,6.276371368136541,
subject09_phonewin_0482.40s.jpg,subject09,True,True,-27.030711379740204,6.067704088964298,5.440442873113314,
subject09_phonewin_0482.60s.jpg,subject09,True,True,-32.176504783242336,8.74444951959384,3.2980909818714688,
subject09_phonewin_0482.80s.jpg,subject09,True,True,-37.77131167979515,3.921934032280472,2.123064363744326,
subject09_phonewin_0483.00s.jpg,subject09,True,True,-34.84052822854686,8.6216269704836,-1.2471382978253471,
subject09_phonewin_0483.20s.jpg,subject09,True,True,-20.81166432405764,3.984435064322752,2.697987121891387,
subject09_phonewin_0483.40s.jpg,subject09,True,True,-40.11536757120662,9.953555229648474,0.7112043422296115,
subject09_phonewin_0483.60s.jpg,subject09,True,True,-40.60253222853257,9.608394973223726,-0.7057535884306256,
subject09_phonewin_0483.80s.jpg,subject09,True,True,-21.340695489279305,5.644420193130515,3.4928834541651717,
subject09_phonewin_0484.00s.jpg,subject09,True,True,-42.96238494034322,10.18225990722448,2.8265681130060054,
subject09_phonewin_0484.20s.jpg,subject09,True,True,-44.81626080312537,10.41222197332523,3.7719007816166616,
subject09_phonewin_0484.40s.jpg,subject09,True,True,-38.721622520820006,9.72592490820304,0.6053625045889279,
subject09_phonewin_0484.60s.jpg,subject09,True,True,-41.91615731083832,7.570102641427709,-2.7217946103363517,
subject09_phonewin_0484.80s.jpg,subject09,True,True,-42.513034060765136,6.932787987588755,-3.0631234493218815,
subject09_phonewin_0485.00s.jpg,subject09,True,True,-47.893680288570536,3.615772218491242,-1.1388764662161701,
subject09_phonewin_0485.20s.jpg,subject09,True,True,-34.96926504301536,4.779675294496189,3.1475769276326906,
subject09_phonewin_0485.40s.jpg,subject09,True,True,-43.23638269333805,1.8820845639454062,0.2295687812897378,
subject09_phonewin_0485.60s.jpg,subject09,True,True,-22.749947232150326,0.6547064525679064,6.201132239508146,
subject09_phonewin_0485.80s.jpg,subject09,True,True,-5.850467619579978,-3.3291597923333245,6.691897039140512,
subject09_phonewin_0486.00s.jpg,subject09,True,True,-4.8413486025516095,-2.8685632906145457,7.667359708737496,
subject09_phonewin_0486.20s.jpg,subject09,True,True,-42.539913187333724,4.982767280469616,-2.1198488767834274,
subject09_phonewin_0486.40s.jpg,subject09,True,True,-48.261932540099934,3.9879705598382564,-4.13505945299849,
subject09_phonewin_0486.60s.jpg,subject09,True,True,-46.58235595455532,5.925907896058354,-2.8842145554044305,
subject09_phonewin_0486.80s.jpg,subject09,True,True,-46.28140017722717,6.233640802452968,-2.6713351224367883,
subject09_phonewin_0487.00s.jpg,subject09,True,True,-45.50707955311375,5.822800102421891,-3.231457873138684,
subject09_phonewin_0487.20s.jpg,subject09,True,True,-44.858148734423196,7.071357784564747,-3.5711119290093394,
subject09_phonewin_0487.40s.jpg,subject09,True,True,-43.33898854670946,5.893861331109743,-4.6622008859979,
subject09_phonewin_0487.60s.jpg,subject09,True,True,-45.2029317147089,5.602596041142222,-3.7444705780241088,
subject09_phonewin_0487.80s.jpg,subject09,True,True,-44.31820144346577,5.661877592026983,-3.8150214124270736,
subject09_phonewin_0488.00s.jpg,subject09,True,True,-42.58320313472905,6.395230774666915,-3.9607996641566894,
subject09_phonewin_0488.20s.jpg,subject09,True,True,-17.426527219644917,8.427142262466038,-0.9624113692345008,
subject09_phonewin_0488.40s.jpg,subject09,True,True,-43.32312330447651,5.807523027189177,-4.009592455589743,
subject09_phonewin_0488.60s.jpg,subject09,True,True,-22.603556437620565,3.9036581628521985,-2.149600515198194,
subject09_phonewin_0488.80s.jpg,subject09,True,True,-17.25639780102164,9.298247550551443,-1.37760246061004,
subject09_phonewin_0489.00s.jpg,subject09,True,True,-34.50546608759819,9.888186744421347,-3.892604197165898,
subject09_phonewin_0489.20s.jpg,subject09,True,True,-38.91856228948971,8.670231873243944,-2.7836994842932508,
subject09_phonewin_0489.40s.jpg,subject09,True,True,-14.79602192797297,10.071422973628163,-2.0753974809119105,
subject09_phonewin_0489.60s.jpg,subject09,True,True,-38.982013716157695,10.08721451410487,-2.2640528437234915,
subject09_phonewin_0489.80s.jpg,subject09,True,True,-38.32839851780436,8.653958985780617,-4.422483398846406,
subject09_phonewin_0490.00s.jpg,subject09,True,True,-20.35606003675772,3.3540601636110137,-1.388826530976641,
subject09_phonewin_0490.20s.jpg,subject09,True,True,-19.812048730941136,9.79742406523863,-0.7285919140394184,
subject09_phonewin_0490.40s.jpg,subject09,True,True,-40.683026794602135,7.906441032300234,-4.085093354472082,
subject09_phonewin_0490.60s.jpg,subject09,True,True,-40.831438030296724,7.420705947664959,-4.365127580263842,
subject09_phonewin_0490.80s.jpg,subject09,True,True,-41.20045278506462,7.671566463008271,-3.9889081714636,
subject09_phonewin_0491.00s.jpg,subject09,True,True,-39.20496423299707,8.125821991876151,-4.087436206601885,
subject09_phonewin_0491.20s.jpg,subject09,True,True,-37.944133910863115,8.63180968626072,-4.999214226192859,
subject09_phonewin_0491.40s.jpg,subject09,True,True,-39.47901339052021,8.113860896038924,-4.88264098283631,
subject09_phonewin_0491.60s.jpg,subject09,True,True,-16.24605631402293,9.69407968874989,-1.7231680582624211,
subject09_phonewin_0491.80s.jpg,subject09,True,True,-36.30433269324016,8.994802778629932,-4.985600005178481,
subject09_phonewin_0492.00s.jpg,subject09,True,True,-38.318283205078586,7.9384563445384755,-4.972323577483233,
subject09_phonewin_0492.20s.jpg,subject09,True,True,-14.37674866680153,10.936163957020911,-2.0064180066531216,
subject09_phonewin_0492.40s.jpg,subject09,True,True,-14.724416768455928,11.080734039437207,-1.9603649278483162,
subject09_phonewin_0492.60s.jpg,subject09,True,True,-17.258143088166577,9.780779573382977,-2.037157543884868,
subject09_phonewin_0492.80s.jpg,subject09,True,True,-15.892859299567977,10.100314970970963,-1.152319605504233,
subject09_phonewin_0493.00s.jpg,subject09,True,True,-32.22981464061954,8.97541897492737,-3.4790137350083037,
subject09_phonewin_0493.20s.jpg,subject09,True,True,-25.597799993581965,6.274106551742824,-2.6877822391553003,
subject09_phonewin_0493.40s.jpg,subject09,True,True,-26.940861422457157,7.364057373246782,-1.3758807215894617,
subject09_phonewin_0493.60s.jpg,subject09,True,True,-16.08715568405039,10.056050839181317,-1.6880031180412294,
subject09_phonewin_0493.80s.jpg,subject09,True,True,-37.90456003431136,8.667239205077424,-4.307421725825912,
subject09_phonewin_0494.00s.jpg,subject09,True,True,-14.85440914981107,10.22243182747022,-0.4551911591862429,
subject09_phonewin_0494.20s.jpg,subject09,True,True,-15.089356842152034,10.188832774945254,-0.5043846330997842,
subject09_phonewin_0494.40s.jpg,subject09,True,True,-17.903474669792264,9.037355081361117,-1.8800089903073445,
subject09_phonewin_0494.60s.jpg,subject09,True,True,-21.014684541752583,5.304986446190623,-2.3831619071292915,
subject09_phonewin_0494.80s.jpg,subject09,True,True,-15.792899415962955,10.57067210458858,-1.5846180161327417,
subject09_phonewin_0495.00s.jpg,subject09,True,True,-16.134398263470832,10.13205092118969,-2.1861706067596143,
subject09_phonewin_0495.20s.jpg,subject09,True,True,-14.561935007356782,10.589563676071284,-1.9734971357657602,
subject09_phonewin_0495.40s.jpg,subject09,True,True,-16.505576151896243,10.429686199345506,-1.6361503745922203,
subject09_phonewin_0495.60s.jpg,subject09,True,True,-13.9311772518355,11.256852435089957,-1.7280953674324377,
subject09_phonewin_0495.80s.jpg,subject09,True,True,-16.44537372964057,10.553292483662085,-2.311664417950726,
subject09_phonewin_0496.00s.jpg,subject09,True,True,-32.39408099802521,7.726800199406355,-4.449903271724034,
subject09_phonewin_0496.20s.jpg,subject09,True,True,-38.7945478433903,8.636470173941923,-5.022407989637324,
subject09_phonewin_0496.40s.jpg,subject09,True,True,-17.05065634510228,9.711049310049832,-2.1389836129542776,
subject09_phonewin_0496.60s.jpg,subject09,True,True,-39.23751695629782,8.903760144357438,-3.9945631359893268,
subject09_phonewin_0496.80s.jpg,subject09,True,True,-36.39432806344353,10.124066772899052,-3.407769702334717,
subject09_phonewin_0497.00s.jpg,subject09,True,True,-39.30796509427503,9.122944350459763,-3.647428041459182,
subject09_phonewin_0497.20s.jpg,subject09,True,True,-41.13576778305257,8.80419855993202,-3.0258672141012597,
subject09_phonewin_0497.40s.jpg,subject09,True,True,-39.26748106988067,9.479063612599505,-3.682306430524994,
subject09_phonewin_0497.60s.jpg,subject09,True,True,-34.93818299671179,11.030137032892235,-2.8490886817064283,
subject09_phonewin_0497.80s.jpg,subject09,True,True,-37.86795294729916,12.154869988416886,1.350968133196645,
subject09_phonewin_0498.00s.jpg,subject09,True,True,-37.895996100074875,10.398136729350636,-1.194072998377418,
subject09_phonewin_0498.20s.jpg,subject09,True,True,-16.03153014273268,9.728815299532068,-0.6880964760165122,
subject09_phonewin_0498.40s.jpg,subject09,True,True,-36.14337896263384,10.996395362328228,-1.0586430444354107,
subject09_phonewin_0498.60s.jpg,subject09,True,True,-41.039225685022046,11.153402030770241,2.7095324276751573,
subject09_phonewin_0498.80s.jpg,subject09,True,True,-39.89172178673995,11.05466447058802,2.8188894012553627,
subject09_phonewin_0499.00s.jpg,subject09,True,True,-37.02412504944137,9.720787511185442,0.7256197178887513,
subject09_phonewin_0499.20s.jpg,subject09,True,True,-38.971226619643,8.123174524819005,-0.9970607246472374,
subject09_phonewin_0499.40s.jpg,subject09,True,True,-40.541967146253896,6.679841632433694,-2.749989510252871,
subject09_phonewin_0499.60s.jpg,subject09,True,True,-37.5614000088399,7.391624106730666,-2.3445700446835693,
subject09_phonewin_0499.80s.jpg,subject09,True,True,-38.95365994623091,8.595569123145578,0.02843605519154984,
subject09_phonewin_0500.00s.jpg,subject09,True,True,-42.66280967336617,8.846542436746912,1.6242981286559477,
subject09_phonewin_0500.20s.jpg,subject09,True,True,-41.75577579647227,8.419149846864974,0.8785285538991864,
subject09_phonewin_0500.40s.jpg,subject09,True,True,-38.23975528768423,10.629818130817528,1.7591445440701106,
subject09_phonewin_0500.60s.jpg,subject09,True,True,-38.865020954679224,10.468988058692675,2.620922641441372,
subject09_phonewin_0500.80s.jpg,subject09,True,True,-18.72914723662092,8.375611530707706,-0.025395421664786883,
subject09_phonewin_0501.00s.jpg,subject09,True,True,-35.7172744770524,9.736925873090732,-2.6262418109522456,
subject09_phonewin_0501.20s.jpg,subject09,True,True,-40.52652613028303,8.401252759314975,-1.4562598009768053,
subject09_phonewin_0501.40s.jpg,subject09,True,True,-39.832630683166485,8.508033196409382,-2.3404235680383065,
subject09_phonewin_0501.60s.jpg,subject09,True,True,-39.99171072008814,8.272671985523429,-2.1819867237931847,
subject09_phonewin_0501.80s.jpg,subject09,True,True,-39.378693649487005,8.360827920173678,-3.7628574733554894,
subject09_phonewin_0502.00s.jpg,subject09,True,True,-19.27916316099571,8.137198621284499,-0.6562211944580741,
subject09_phonewin_0502.20s.jpg,subject09,True,True,-38.665990790642155,8.107395910557955,-3.0489735277096455,
subject09_phonewin_0502.40s.jpg,subject09,True,True,-38.73747242779667,8.238569569704891,-3.2423500786386246,
subject09_phonewin_0502.60s.jpg,subject09,True,True,-19.614021261375772,3.50571036732536,-0.6830363557900085,
subject09_phonewin_0502.80s.jpg,subject09,True,True,-39.102427861497574,7.701378900429395,-4.159975904954886,
subject09_phonewin_0503.00s.jpg,subject09,True,True,-38.195668757449766,8.732864310283531,-3.0441008841150667,
subject09_phonewin_0503.20s.jpg,subject09,True,True,-17.596126434975766,8.368923616657547,-0.017477330220954077,
subject09_phonewin_0503.40s.jpg,subject09,True,True,-37.57922040444012,8.240629408151676,-2.5256835431180833,
subject09_phonewin_0503.60s.jpg,subject09,True,True,-17.041641898221947,8.770754366691948,-0.500817636396345,
subject09_phonewin_0503.80s.jpg,subject09,True,True,-24.511090154617172,4.42107931764848,-1.771974606956847,
subject09_phonewin_0504.00s.jpg,subject09,True,True,-17.310298388658193,9.06857783077028,-1.288920427605421,
subject09_phonewin_0504.20s.jpg,subject09,True,True,-26.788441877350806,6.267563162624347,-2.6736605360174273,
subject09_phonewin_0504.40s.jpg,subject09,True,True,-39.216120395148415,7.91379438184154,-2.4344720978750405,
subject09_phonewin_0504.60s.jpg,subject09,True,True,-22.99393982811198,4.122288368826714,-2.1857572098312623,
subject09_phonewin_0504.80s.jpg,subject09,True,True,-37.697455874103746,7.561307253000349,-3.3022329641219668,
subject09_phonewin_0505.00s.jpg,subject09,True,True,-34.40541074649945,9.923234226874179,-4.153235857080434,
subject09_phonewin_0505.20s.jpg,subject09,True,True,-17.57968080856167,9.10959968779741,-0.6802180844709121,
subject09_phonewin_0505.40s.jpg,subject09,True,True,-41.2377564312809,8.210089478583102,-1.090712243202691,
subject09_phonewin_0505.60s.jpg,subject09,True,True,-43.16060928787638,7.736993542835723,-0.8858424971611238,
subject09_phonewin_0505.80s.jpg,subject09,True,True,-42.83423441866808,7.984943575845187,-0.2987654421250152,
subject09_phonewin_0506.00s.jpg,subject09,True,True,-42.75927110432787,6.306297205003907,-2.628378048679897,
subject09_phonewin_0506.20s.jpg,subject09,True,True,-43.26527488783254,6.040814748043951,-2.7470402102255127,
subject09_phonewin_0506.40s.jpg,subject09,True,True,-43.587747466617024,7.773092045361427,-1.4879702093778655,
subject09_phonewin_0506.60s.jpg,subject09,True,True,-42.61411551452137,7.416806765968008,-2.0421435328776054,
subject09_phonewin_0506.80s.jpg,subject09,True,True,-43.41075665763564,6.555416360066399,-1.8738076521955607,
subject09_phonewin_0507.00s.jpg,subject09,True,True,-41.3054023308848,7.765380912003798,-1.2695595880997381,
subject09_phonewin_0507.20s.jpg,subject09,True,True,-40.05639945336521,7.613602775243115,-3.1309063503488224,
subject09_phonewin_0507.40s.jpg,subject09,True,True,-42.452451071324454,6.46601894380417,-2.894903520086196,
subject09_phonewin_0507.60s.jpg,subject09,True,True,-40.88364009558576,7.612211986315244,-2.904010861683229,
subject09_phonewin_0507.80s.jpg,subject09,True,True,-41.540543790898965,7.094683373907661,-3.5628220271638904,
subject09_phonewin_0508.00s.jpg,subject09,True,True,-26.569609125475033,5.34068489161449,-2.026505205681717,
subject09_phonewin_0508.20s.jpg,subject09,True,True,-16.455372619591593,9.125204070939871,2.734337261551045,
subject09_phonewin_0508.40s.jpg,subject09,True,True,-40.478318229465046,7.709471862858759,-2.0409899318169784,
subject09_phonewin_0508.60s.jpg,subject09,True,True,-39.909238150386884,8.74710438325779,-0.6993094029358341,
subject09_phonewin_0508.80s.jpg,subject09,True,True,-40.316725198019526,7.562931875025077,-2.6049438797387934,
subject09_phonewin_0509.00s.jpg,subject09,True,True,-38.52167293611334,8.3215768090824,-3.4568347439034324,
subject09_phonewin_0509.20s.jpg,subject09,True,True,-19.25741236661361,8.852232284684085,1.615724599854716,
subject09_phonewin_0509.40s.jpg,subject09,True,True,-39.66654734548164,8.56876849828549,-2.1835857943905976,
subject09_phonewin_0509.60s.jpg,subject09,True,True,-13.977077241733602,9.850666180733361,2.4854413450978075,
subject09_phonewin_0509.80s.jpg,subject09,True,True,-17.026075904271785,9.223824001051737,0.6391782822232525,
subject09_phonewin_0510.00s.jpg,subject09,True,True,-16.10394637978263,9.144131657065712,0.41655639942769834,
subject09_phonewin_0510.20s.jpg,subject09,True,True,-40.52360006613298,8.683487926800261,-0.4013964981960152,
subject09_phonewin_0510.40s.jpg,subject09,True,True,-40.00165676511146,8.90436931666727,0.2945783542219741,
subject09_phonewin_0510.60s.jpg,subject09,True,True,-14.331984443835383,9.696104299948175,1.5825120145424825,
subject09_phonewin_0510.80s.jpg,subject09,True,True,-17.129640613040888,9.349672219077554,2.616259906665705,
subject09_phonewin_0511.00s.jpg,subject09,True,True,-39.10792826510063,9.329223511453892,-0.23416426863984002,
subject09_phonewin_0511.20s.jpg,subject09,True,True,-39.03405693314729,8.558726949849536,-0.15697080343036354,
subject09_phonewin_0511.40s.jpg,subject09,True,True,-41.33004952181983,7.554791775676096,-0.11600550839834664,
subject09_phonewin_0511.60s.jpg,subject09,True,True,-39.45201871212026,7.704490533191063,-1.8242732657129745,
subject09_phonewin_0511.80s.jpg,subject09,True,True,-38.445939896575425,8.159729783439472,-0.9124652055529673,
subject09_phonewin_0512.00s.jpg,subject09,True,True,-36.79589284772194,10.662063567576663,0.9392835456619786,
subject09_phonewin_0512.20s.jpg,subject09,True,True,-37.581941506761865,9.772462474228986,0.031312354582745325,
subject09_phonewin_0512.40s.jpg,subject09,True,True,-38.783134323184974,9.935579459677674,0.8581796244032665,
subject09_phonewin_0512.60s.jpg,subject09,True,True,-39.873787863452314,10.555955799192086,1.2640503306061006,
subject09_phonewin_0512.80s.jpg,subject09,True,True,-41.933401097495434,8.99828751236974,1.1419047488626044,
subject09_phonewin_0513.00s.jpg,subject09,True,True,-43.09758772082672,7.9570837409824415,0.3725986453263125,
subject09_phonewin_0513.20s.jpg,subject09,True,True,-43.41829104716291,7.285191049096961,-0.6267878846928909,
subject09_phonewin_0513.40s.jpg,subject09,True,True,-43.94921021818812,6.676990937659919,-1.3352815973582641,
subject09_phonewin_0513.60s.jpg,subject09,True,True,-40.818614675874954,7.533395516116222,-1.195173194334333,
subject09_phonewin_0513.80s.jpg,subject09,True,True,-42.83329492781246,7.319298600536776,0.14385458281712485,
subject09_phonewin_0514.00s.jpg,subject09,True,True,-41.72182051721576,7.50505154850083,-0.02947361210998076,
subject09_phonewin_0514.20s.jpg,subject09,True,True,-21.809963302892417,10.952859640831969,2.71821812928188,
subject09_phonewin_0514.40s.jpg,subject09,True,True,-22.34788774663071,11.153775795814642,0.19360284596258126,
subject09_phonewin_0514.60s.jpg,subject09,True,True,-42.52070697364967,7.043434139602599,-0.26159119907218187,
subject09_phonewin_0514.80s.jpg,subject09,True,True,-41.26146851250604,8.082669417762265,0.8888265383530525,
subject09_phonewin_0515.00s.jpg,subject09,True,True,-41.036700580994314,7.653797746337678,0.19613134808817662,
subject09_phonewin_0515.20s.jpg,subject09,True,True,-41.814787681011516,6.469820642228655,-1.1997403873800865,
subject09_phonewin_0515.40s.jpg,subject09,True,True,-41.61415756148543,6.915094627903182,-1.425647993245158,
subject09_phonewin_0515.60s.jpg,subject09,True,True,-29.87413359302068,7.67875160705174,0.05486435574947463,
subject09_phonewin_0515.80s.jpg,subject09,True,True,-30.52999723670654,7.5190310508507,-4.315067282556144,
subject09_phonewin_0516.00s.jpg,subject09,True,True,-27.174728033368552,9.358117359340186,-3.3938712022210518,
subject09_phonewin_0516.20s.jpg,subject09,False,True,-24.22310971082318,13.14600593495195,-3.8614619369570917,
subject09_phonewin_0516.40s.jpg,subject09,False,True,-14.988954190377465,9.33517680854757,-1.9708165013420498,
subject09_phonewin_0516.60s.jpg,subject09,False,True,-35.238389881120156,9.944050709780033,0.894292587822146,
subject09_phonewin_0516.80s.jpg,subject09,False,True,-40.06358916489995,11.514457074539592,4.9609262453415255,
subject09_phonewin_0517.00s.jpg,subject09,False,True,-36.98504250707968,11.529984052460652,2.118979410971895,
subject09_phonewin_0517.20s.jpg,subject09,False,True,-34.784803661338096,4.13461918862106,-0.12234086959833965,
subject09_phonewin_0517.40s.jpg,subject09,True,True,-36.70141453471033,3.885687845999442,0.564302428286789,
subject09_phonewin_0517.60s.jpg,subject09,False,True,-41.6101398533285,3.80732858745144,0.6549137461016526,
subject09_phonewin_0517.80s.jpg,subject09,False,True,-45.916168907406345,0.6542513736482013,4.304862928768633,
subject09_phonewin_0518.00s.jpg,subject09,False,True,-27.25031305955727,2.657031381851984,2.197377140986798,
subject09_phonewin_0518.20s.jpg,subject09,False,True,-46.8576631443582,5.545762638786509,3.178635164983323,
subject09_phonewin_0518.40s.jpg,subject09,False,True,-36.46465027562172,2.054932880324663,3.081218487380496,
subject09_phonewin_0518.60s.jpg,subject09,False,True,-52.57143206045277,0.7310963799605282,0.03123745119129716,
subject09_phonewin_0518.80s.jpg,subject09,False,True,-49.98954438566159,5.580162067307221,3.8808777957268603,
subject09_phonewin_0519.00s.jpg,subject09,False,True,-52.18425346413536,2.0163012369147264,2.14095467524322,
subject09_phonewin_0519.20s.jpg,subject09,False,True,-47.88307407510933,6.84957866312411,3.463448312223855,
subject09_phonewin_0519.40s.jpg,subject09,False,True,-51.83831224053551,5.902394700763481,5.091938666919057,
subject09_phonewin_0519.60s.jpg,subject09,False,True,-27.282806358146512,7.862519784644143,5.557433891045944,
subject09_phonewin_0519.80s.jpg,subject09,True,True,-49.66611501474965,9.779944492786154,4.254472544309091,
subject09_phonewin_0520.00s.jpg,subject09,False,True,-21.599993802469807,10.489611716526678,11.510268198147774,
subject09_phonewin_0520.20s.jpg,subject09,False,True,-24.218913636925777,8.079692430744213,12.162295797903676,
subject09_phonewin_0520.40s.jpg,subject09,True,True,-18.893332107231046,11.148961592130366,11.065967777624392,
subject09_phonewin_0520.60s.jpg,subject09,True,True,-22.90132212776132,9.663241071509404,9.794534874380238,
subject09_phonewin_0520.80s.jpg,subject09,True,True,-31.241071543089305,8.492495213926283,9.81703251522435,
subject09_phonewin_0521.00s.jpg,subject09,True,True,-25.55756285851088,4.615003909015542,8.15794123395453,
subject09_phonewin_0521.20s.jpg,subject09,True,True,-49.020799068533634,11.613256576703437,3.2894169477298454,
subject09_phonewin_0521.40s.jpg,subject09,True,True,-32.53432319748846,8.277102301729071,9.048655379106595,
subject09_phonewin_0521.60s.jpg,subject09,True,True,-22.659348475194427,10.871051756630193,11.603542913344727,
subject09_phonewin_0521.80s.jpg,subject09,False,True,-26.105303531087255,6.439209474570275,9.326473697629257,
subject09_phonewin_0522.00s.jpg,subject09,True,True,-21.34571089037944,9.695682646872294,9.857201784593073,
subject09_phonewin_0522.20s.jpg,subject09,True,True,-26.950505186773402,5.28338041404407,8.42099492564331,
subject09_phonewin_0522.40s.jpg,subject09,True,True,-23.253431048000667,3.7750616045934007,8.211152910422197,
subject09_phonewin_0522.60s.jpg,subject09,False,True,-26.160821029583346,3.5977366622307585,6.935118262129053,
subject09_phonewin_0522.80s.jpg,subject09,True,True,-26.055673312470798,2.2227404366408625,9.693458406003016,
subject09_phonewin_0523.00s.jpg,subject09,True,True,-23.954260884709555,4.997643378039937,8.46532803117309,
subject09_phonewin_0523.20s.jpg,subject09,True,True,-26.010632308413953,5.249141644655012,9.441228773302907,
subject09_phonewin_0523.40s.jpg,subject09,True,True,-31.712688864436625,2.067452227367149,8.9643028375885,
subject09_phonewin_0523.60s.jpg,subject09,True,True,-23.245065707394293,1.6752308414292025,9.111584397995593,
subject09_phonewin_0523.80s.jpg,subject09,True,True,-40.74415228765873,2.8617551888012263,7.261912621548706,
subject09_phonewin_0524.00s.jpg,subject09,False,True,-35.86921075890615,10.0794433860033,8.180778343455705,
subject09_phonewin_0524.20s.jpg,subject09,True,True,-23.30230355807931,6.17168308995092,10.543547702676847,
subject09_phonewin_0524.40s.jpg,subject09,True,True,-21.67360766072145,6.0554272059020695,11.3731227284753,
subject09_phonewin_0524.60s.jpg,subject09,True,True,-28.019225912044615,5.745505110457562,14.270481131468806,
subject09_phonewin_0524.80s.jpg,subject09,False,True,-26.3600387746081,5.672553000909322,15.81324953779846,
subject09_phonewin_0525.00s.jpg,subject09,True,True,-27.352574068386208,4.844281408579166,11.774503877668597,
subject09_phonewin_0525.20s.jpg,subject09,True,True,-32.26532784517117,7.462446654210752,12.922242888894226,
subject09_phonewin_0525.40s.jpg,subject09,False,True,-22.304029896441204,9.006633762935866,14.96879246320389,
subject09_phonewin_0525.60s.jpg,subject09,False,True,-54.82160641321489,7.128629333399212,7.300372129019583,
subject09_phonewin_0525.80s.jpg,subject09,False,True,-40.588832810794045,15.341071586250917,8.98677859020919,
subject09_phonewin_0526.00s.jpg,subject09,False,True,-31.753329826619908,9.795294270842327,10.07045656350769,
subject09_phonewin_0526.20s.jpg,subject09,False,True,-19.947760818884024,11.970808504014146,11.652053889020412,
subject09_phonewin_0526.40s.jpg,subject09,False,True,-21.587931394623904,10.773466538146806,10.813276423836406,
subject09_phonewin_0526.60s.jpg,subject09,False,True,-30.745365357756942,10.544224320136795,10.78375814445688,
subject09_phonewin_0526.80s.jpg,subject09,False,True,-39.67278217725408,15.817553505779877,9.171177851574924,
subject09_phonewin_0527.00s.jpg,subject09,False,True,-39.579848831890516,9.563691764835953,12.573889481408395,
subject10_frame00000.jpg,subject10,False,True,-43.571096467445344,1.476322670661953,-2.1258512627687343,
subject10_frame00018.jpg,subject10,False,True,-23.17535850395326,8.227072013573919,-3.1632409928258016,
subject10_frame00025.jpg,subject10,False,True,-29.059496672068192,25.723290512899155,0.31947046454141903,
subject10_frame00031.jpg,subject10,False,False,,,,True
subject10_frame00035.jpg,subject10,False,True,-40.79473516942267,27.62512778985946,6.44666488557059,
subject10_frame00038.jpg,subject10,False,True,-30.26007029918694,34.1227417378237,1.4399767846806664,
subject10_frame00073.jpg,subject10,False,True,-27.3288566500523,-3.548900114575766,-10.292492472634667,
subject10_frame00129.jpg,subject10,False,True,-67.859330250116,32.2944397265118,-10.297887722510719,
subject10_frame00157.jpg,subject10,False,True,-38.063543009012704,27.963521083612957,0.08067521364354202,
subject10_frame00197.jpg,subject10,False,True,-31.234994043553428,28.470544758574164,-11.540122300149166,
subject10_frame00200.jpg,subject10,False,True,-33.46480290123082,24.25108855093286,-7.297237307669863,
subject10_frame00204.jpg,subject10,False,True,-35.68737754032913,19.264155241416557,-1.509668482479864,
subject10_frame00207.jpg,subject10,False,True,-31.209204373324496,20.26552784378862,-3.150814397951369,
subject10_frame00211.jpg,subject10,False,False,,,,True
subject10_frame00214.jpg,subject10,False,False,,,,True
subject10_frame00218.jpg,subject10,False,True,-10.429167694263189,0.7863420083506317,1.6830183966682841,
subject10_frame00221.jpg,subject10,False,True,-7.032937659399929,-4.096643647048517,-0.943592757108226,
subject10_frame00225.jpg,subject10,False,True,-18.34772828819037,23.38838177894557,-1.1539007178082274,
subject10_frame00232.jpg,subject10,False,True,-4.319202454336086,0.5281003109180518,2.4823863897508733,
subject10_frame00235.jpg,subject10,False,True,-3.5021502087951344,-2.8500750536538804,3.0954538281177584,
subject10_frame00239.jpg,subject10,False,True,-21.307516331896217,26.690685441935976,-1.3155470028174678,
subject10_frame00249.jpg,subject10,False,True,-14.823383127819044,-2.904720419547341,5.804736733722451,
subject10_frame00256.jpg,subject10,False,False,,,,True
subject10_frame00263.jpg,subject10,False,False,,,,True
subject10_frame00267.jpg,subject10,False,True,-21.997094780506842,26.97857695365567,-0.7458197791641163,
subject10_frame00270.jpg,subject10,False,True,-22.00651684938038,38.584586574222904,-6.190688515521675,
subject10_frame00290.jpg,subject10,False,True,-23.430656141933625,26.701883180323463,0.6531519340961898,
subject10_frame00318.jpg,subject10,False,True,-20.794611674984083,24.879118968937068,-5.1839855415913885,
subject10_frame00351.jpg,subject10,False,True,-25.889156855733216,22.84816082185876,-3.5142964437041933,
subject10_frame00354.jpg,subject10,False,True,-21.573760285006756,31.622889062453922,-5.260157423469028,
subject10_frame00358.jpg,subject10,False,True,-23.218537531088444,18.115622570298907,-0.4553368485924509,
subject10_frame00361.jpg,subject10,False,True,-32.96256624865289,23.491469847514804,-2.5041037997629263,
subject10_frame00365.jpg,subject10,False,False,,,,True
subject10_frame00368.jpg,subject10,False,False,,,,True
subject10_frame00372.jpg,subject10,False,False,,,,False
subject10_frame00386.jpg,subject10,False,False,,,,True
subject10_frame00408.jpg,subject10,False,True,-33.11084295623278,26.168243640398938,2.0615783911952623,
subject10_frame00417.jpg,subject10,False,True,-18.352577018721107,14.35254354640071,0.698076979834759,
subject10_frame00421.jpg,subject10,False,True,-2.846963490453206,6.9998341893499205,-0.0790049478971766,
subject10_frame00428.jpg,subject10,False,True,-3.028786613968104,6.612710906584066,8.44546776286422,
subject10_frame00456.jpg,subject10,False,True,-27.566162417220617,11.375481692505538,-1.4981685543304144,
subject10_frame00484.jpg,subject10,False,True,-23.819857526734527,-5.062750293577634,-3.122639747987386,
subject10_frame00512.jpg,subject10,False,True,-4.914595666222195,-3.972756500352903,-5.305271927379898,
subject10_frame00568.jpg,subject10,False,True,-7.563674264418357,1.015694915822551,-5.951945887210333,
subject10_frame00580.jpg,subject10,False,True,-35.39030386976608,30.420708823676136,-7.2340600403255255,
subject10_frame00584.jpg,subject10,False,False,,,,True
subject10_frame00587.jpg,subject10,False,False,,,,True
subject10_frame00591.jpg,subject10,False,False,,,,True
subject10_frame00594.jpg,subject10,False,False,,,,True
subject10_frame00598.jpg,subject10,False,True,-1.3825235699648828,15.250118420645807,0.7686520371755486,
subject10_frame00601.jpg,subject10,False,False,,,,True
subject10_frame00605.jpg,subject10,False,True,-9.205590747692979,6.451764747180338,6.793080056231856,
subject10_frame00608.jpg,subject10,False,True,-27.922769354770526,30.91766528478063,-1.4486259652002593,
subject10_frame00612.jpg,subject10,False,True,-30.62790142650299,39.762465387353586,-12.565926102474487,
subject10_frame00615.jpg,subject10,False,True,-17.702153935460675,23.15027203225555,-3.6260202828705124,
subject10_frame00633.jpg,subject10,False,True,-19.917471608240582,34.35884320412269,-2.546803746736499,
subject10_frame00636.jpg,subject10,False,True,-20.55146179154659,36.874434176202406,-3.570562493751187,
subject10_frame00640.jpg,subject10,False,True,-17.282709841104072,10.670145283162194,-4.461599132314126,
subject10_frame00646.jpg,subject10,False,True,-19.783429960552024,26.040950413992512,-5.687659427802469,
subject10_frame00674.jpg,subject10,False,False,,,,True
subject10_frame00701.jpg,subject10,False,True,-2.5103698470629907,8.106771024451504,6.296637935779862,
subject10_frame00729.jpg,subject10,False,True,-26.890403243257598,22.061498358771196,-2.019513836177798,
subject10_frame00757.jpg,subject10,False,True,-12.594564251893436,-3.06346785827871,-8.382074072100238,
subject10_frame00785.jpg,subject10,False,True,-21.339531485882592,22.54832345772774,-1.955272724356389,
subject10_frame00813.jpg,subject10,False,True,-1.2347832108011803,4.829846810539332,-1.819420533855902,
subject10_frame00841.jpg,subject10,False,True,-3.569081254763992,2.773021360692963,0.9389731830902209,
subject10_frame00925.jpg,subject10,False,False,,,,False
subject10_frame00953.jpg,subject10,False,False,,,,True
subject10_frame00981.jpg,subject10,False,True,-31.56417060449627,27.21184675403866,-4.694280510684398,
subject10_frame01009.jpg,subject10,False,False,,,,True
subject10_frame01037.jpg,subject10,False,True,-6.485035236082451,1.3481194297902792,2.506765888979012,
subject10_frame01047.jpg,subject10,False,True,-57.114822337363165,16.658690289255453,2.28372156002836,
subject10_frame01051.jpg,subject10,False,True,-53.165334370464,18.254770870762712,4.00573772774398,
subject10_frame01054.jpg,subject10,False,True,-19.795478798104718,29.591690798490994,-7.4297750023274505,
subject10_frame01058.jpg,subject10,False,True,-22.272993245294266,1.2120292520337006,3.2474514865635884,
subject10_frame01061.jpg,subject10,False,True,-42.12817625283142,12.18763855471106,-0.09083795247377745,
subject10_frame01068.jpg,subject10,False,True,-30.427659869637466,19.5071988971559,-4.002562927482442,
subject10_frame01072.jpg,subject10,False,True,-40.76378797703474,19.1182926406136,-0.6254261488268853,
subject10_frame01075.jpg,subject10,False,True,-0.045103388025823324,3.4034956025556595,0.9255278316449722,
subject10_frame01079.jpg,subject10,False,True,-17.670606536312405,3.908240335262404,-0.38293161744062426,
subject10_frame01082.jpg,subject10,False,True,-0.3248907613914363,6.2761859711711265,0.8175966703197797,
subject10_frame01086.jpg,subject10,False,True,-0.3421120507507694,2.667398240259214,3.161725601504577,
subject10_frame01089.jpg,subject10,False,True,1.5412953508347096,0.506121325229179,0.7418569724778648,
subject10_frame01093.jpg,subject10,False,True,-21.10725354061414,14.424755337598477,-1.6955447347359554,
subject10_frame01100.jpg,subject10,False,True,-3.734127702975332,1.0176770856656256,2.339215793616378,
subject10_frame01103.jpg,subject10,False,True,-18.76281904704175,15.154665530537631,-0.6324647698953058,
subject10_frame01107.jpg,subject10,False,False,,,,True
subject10_frame01110.jpg,subject10,False,False,,,,True
subject10_frame01117.jpg,subject10,False,False,,,,True
subject10_frame01121.jpg,subject10,False,True,-22.912898832640103,23.41670055845984,-2.9130507953621194,
subject10_frame01124.jpg,subject10,False,True,-31.95744597988567,14.998219000019505,-2.011559258811341,
subject10_frame01135.jpg,subject10,False,True,-11.147447403752466,15.19002319121811,-16.25104394159788,
subject10_frame01138.jpg,subject10,False,True,-28.368622892926002,9.214539180148796,-14.529943302924323,
subject10_frame01142.jpg,subject10,False,True,-24.947878266178872,5.321850823029034,-7.378446651506679,
subject10_frame01145.jpg,subject10,False,False,,,,True
subject10_frame01149.jpg,subject10,False,False,,,,True
subject10_frame01152.jpg,subject10,False,False,,,,False
subject10_frame01156.jpg,subject10,False,False,,,,True
subject10_frame01159.jpg,subject10,False,False,,,,True
subject10_frame01163.jpg,subject10,False,False,,,,True
subject10_frame01166.jpg,subject10,False,True,-28.217288955316718,0.8635619714109801,-19.048242612944268,
subject10_frame01170.jpg,subject10,False,False,,,,True
subject10_frame01173.jpg,subject10,False,False,,,,True
subject10_frame01188.jpg,subject10,False,True,-4.204521173029942,0.7935479054233406,-4.222670755668359,
subject10_frame01193.jpg,subject10,False,True,-43.27449065633976,18.49578757646263,7.85836088064,
subject10_frame01196.jpg,subject10,False,True,-40.759974897890864,23.74275512477798,-2.701049017435477,
subject10_frame01200.jpg,subject10,False,True,-22.627192976964142,20.46389950993994,-3.4082517687560756,
subject10_frame01203.jpg,subject10,False,True,-19.46362605385508,20.21618347389992,-1.0582041753995315,
subject10_frame01210.jpg,subject10,False,True,-21.09700554288383,28.182843990929424,-6.823345706332389,
subject10_frame01214.jpg,subject10,False,True,-6.004088192637905,9.62801312009741,-1.4194308502685762,
subject10_frame01217.jpg,subject10,False,True,-31.298120991928165,19.584449072127175,0.41148867053979116,
subject10_frame01221.jpg,subject10,False,True,-11.266054528817092,-0.9780884782364393,-0.901435890137995,
subject10_frame01224.jpg,subject10,False,False,,,,True
subject10_frame01231.jpg,subject10,False,False,,,,False
subject10_frame01238.jpg,subject10,False,True,-27.02490555896154,25.305840077635544,-12.878600542080887,
subject10_frame01241.jpg,subject10,False,False,,,,False
subject10_frame01245.jpg,subject10,False,False,,,,True
subject10_frame01252.jpg,subject10,False,True,-26.447757882306597,29.890674160488715,4.0071368199890145,
subject10_frame01269.jpg,subject10,False,True,-37.40391808027563,11.739120260613769,-1.250872060651313,
subject10_frame01273.jpg,subject10,False,False,,,,True
subject10_frame01276.jpg,subject10,False,False,,,,True
subject10_frame01293.jpg,subject10,False,True,-37.59713316195485,26.785051582453534,-2.767960271971842,
subject10_frame01321.jpg,subject10,False,True,-58.044481179360446,14.839250282015605,2.0023889364073715,
subject10_frame01349.jpg,subject10,False,True,-4.472844063729259,4.890756196773597,0.27511701968798963,
subject10_frame01358.jpg,subject10,False,True,-22.193670250266727,34.22795247398412,-5.341999288054439,
subject10_frame01365.jpg,subject10,False,True,-18.57741412452738,24.98318311835663,-6.1098605259597285,
subject10_frame01368.jpg,subject10,False,True,-19.579443374477776,26.087009421208204,-4.394611697227025,
subject10_frame01372.jpg,subject10,False,True,-19.75254212120401,29.011480380445708,-3.4214960891871056,
subject10_frame01393.jpg,subject10,False,True,-18.746628243746507,22.236984968163746,-0.10280806199369057,
subject10_frame01397.jpg,subject10,False,True,-29.488152680240127,29.78438764759146,-3.6858893002067754,
subject10_frame01404.jpg,subject10,False,True,-58.567950757759235,23.352170781233653,-9.249078967176002,
subject10_frame01407.jpg,subject10,False,False,,,,True
subject10_frame01414.jpg,subject10,False,True,-44.37542003554219,8.907201675025924,-7.308842247811318,
subject10_frame01424.jpg,subject10,False,True,-35.935586521122055,26.976386768062135,-1.520750630052239,
subject10_frame01435.jpg,subject10,False,True,-14.645276588458994,-4.679705390068624,-2.37391304407046,
subject10_frame01443.jpg,subject10,False,True,-8.67032147921872,4.49800418067324,-2.771061884819165,
subject10_frame01447.jpg,subject10,False,True,-48.770939585539594,12.295225712061916,-7.25060885030767,
subject10_frame01450.jpg,subject10,False,True,-32.90766986991745,22.762397308793325,-2.359912606319453,
subject10_frame01457.jpg,subject10,False,True,-31.373595057355782,15.76828683747455,-5.287669533569591,
subject10_frame01464.jpg,subject10,False,True,-20.109099866462312,-2.1246164642562557,-4.730731828036587,
subject10_frame01471.jpg,subject10,False,False,,,,True
subject10_frame01474.jpg,subject10,False,True,-32.90564235103883,9.673833587116302,-1.657186388403309,
subject10_frame01480.jpg,subject10,False,True,-28.086043940726288,-0.867020466259839,0.7972042503559078,
subject10_frame01483.jpg,subject10,False,True,-42.21206658137991,20.411940102620555,4.759888355354018,
subject10_frame01487.jpg,subject10,False,True,-10.08548496944259,1.1990690729667572,4.299515609598246,
subject10_frame01490.jpg,subject10,False,True,-56.08419661264733,19.377543152772127,3.256752796000265,
subject10_frame01494.jpg,subject10,False,False,,,,True
subject10_frame01499.jpg,subject10,False,True,-26.743045023623708,-2.6141904017437807,5.516945975779971,
subject10_frame01503.jpg,subject10,False,True,-44.64217413600373,19.78604285184622,1.9034124593913173,
subject10_frame01513.jpg,subject10,False,True,-5.32105345445951,3.4657974761232975,3.6053820151337437,
subject10_frame01517.jpg,subject10,False,True,-30.628157056301053,19.783206975111096,3.442673661875482,
subject10_frame01524.jpg,subject10,False,True,-25.611346776824373,15.112196892803889,0.3843985831620372,
subject10_frame01527.jpg,subject10,False,True,-18.21769437691931,-16.72633671627286,5.196236486758425,
subject10_frame01531.jpg,subject10,False,True,-23.506863821998163,1.4960831405015673,8.333603735922722,
subject10_frame01534.jpg,subject10,False,True,-30.08558557765618,16.537200054935237,0.46221372164428753,
subject11_frame00000.jpg,subject11,False,True,-37.7096543464154,12.515596697418,0.89040205612241,
subject11_frame00001.jpg,subject11,False,True,-41.05255977550771,13.935099218289192,-0.7336620674753636,
subject11_frame00002.jpg,subject11,False,True,-23.495421132235133,18.56711169224717,2.020796487940101,
subject11_frame00003.jpg,subject11,False,True,-30.521712870067653,21.684382580554562,-0.06590592726164914,
subject11_frame00004.jpg,subject11,False,True,-29.273620172883795,20.92496857900621,0.2987648799509015,
subject11_frame00005.jpg,subject11,False,True,-43.13151359148505,13.67949305017457,-7.394452203990514,
subject11_frame00008.jpg,subject11,False,True,-34.96575114580496,18.738128553550858,-6.233198971379082,
subject11_frame00009.jpg,subject11,False,True,-43.798356225843975,11.977377917519009,-9.44783584282686,
subject11_frame00010.jpg,subject11,False,True,-43.466841935159955,13.299283989239209,-10.208837165951422,
subject11_frame00017.jpg,subject11,False,True,-33.48810671280917,13.429009545442561,-2.9755310816331795,
subject11_frame00018.jpg,subject11,False,True,-31.240563554173566,20.91913174875104,-2.992391222523112,
subject11_frame00019.jpg,subject11,False,True,-42.99345604669689,15.212849988073494,-5.974213937519059,
subject11_frame00020.jpg,subject11,False,True,-34.256963328181264,17.27848181591057,-1.9878468359993249,
subject11_frame00021.jpg,subject11,False,True,-39.86035558836024,19.231802785786435,-8.301180442366816,
subject11_frame00039.jpg,subject11,False,False,,,,True
subject11_frame00066.jpg,subject11,False,False,,,,True
subject11_frame00093.jpg,subject11,False,False,,,,True
subject11_frame00120.jpg,subject11,False,False,,,,True
subject11_frame00147.jpg,subject11,False,True,-66.31742814884467,22.125317693372228,-2.133236146512619,
subject11_frame00170.jpg,subject11,False,True,-49.267582601775175,22.157969914514325,-4.498726832501183,
subject11_frame00171.jpg,subject11,False,True,-44.15702715018455,21.948230338130355,-2.392635293627479,
subject11_frame00172.jpg,subject11,False,True,-48.375958398877614,20.660908007136058,-10.154172077734424,
subject11_frame00173.jpg,subject11,False,True,-46.68985524876809,21.49688524472256,-8.417657387279688,
subject11_frame00174.jpg,subject11,False,True,-41.59770805340539,24.514164515415022,-10.021519252418836,
subject11_frame00175.jpg,subject11,False,True,-12.980796661583756,0.2918321248103576,-4.655293962418168,
subject11_frame00176.jpg,subject11,False,True,-42.43458973451842,21.747156003841962,-7.650209606391727,
subject11_frame00177.jpg,subject11,False,True,-59.385542731926854,17.698726157375457,-3.9838731033419474,
subject11_frame00178.jpg,subject11,False,True,-51.911822089312054,17.951365262611862,-3.208287700720359,
subject11_frame00179.jpg,subject11,False,True,-34.33937520851959,23.22882049729015,-13.91244234958462,
subject11_frame00183.jpg,subject11,False,True,-49.11824194658912,25.500537575282056,-1.8102635198933397,
subject11_frame00237.jpg,subject11,False,False,,,,True
subject11_frame00264.jpg,subject11,False,True,-42.53249902840514,27.256471453930057,-5.25219784005111,
subject11_frame00265.jpg,subject11,False,True,-44.70551349281181,25.167508977486882,-2.002643504038016,
subject11_frame00266.jpg,subject11,False,True,-44.55731764938565,24.59910848622275,-1.404253836414824,
subject11_frame00267.jpg,subject11,False,True,-34.4085490775189,18.113752890246538,0.6399090830155381,
subject11_frame00268.jpg,subject11,False,True,-41.49142745715914,19.599398584061156,-0.9349701856176854,
subject11_frame00269.jpg,subject11,False,True,-30.105040591009764,37.55214466571187,-13.249615854181688,
subject11_frame00270.jpg,subject11,False,True,-26.43861219253047,30.612834985669704,-4.993062435360239,
subject11_frame00271.jpg,subject11,False,True,-41.71465030645098,27.4537273791389,-5.715746852272323,
subject11_frame00272.jpg,subject11,False,True,-37.032452702840025,26.666581854426273,-6.908280849057509,
subject11_frame00273.jpg,subject11,False,True,-41.117711703001625,17.481317462960934,5.1645772985569165,
subject11_frame00274.jpg,subject11,False,True,-25.685310350132987,-7.202756489638739,10.95091520642211,
subject11_frame00301.jpg,subject11,False,True,-51.385892002417734,24.0940509230655,-2.539668227484289,
subject11_frame00327.jpg,subject11,False,False,,,,True
subject11_frame00354.jpg,subject11,False,False,,,,True
subject11_frame00381.jpg,subject11,False,True,-48.438806435660126,41.48253125299333,0.4057814468394222,
subject11_frame00435.jpg,subject11,False,False,,,,True
subject11_frame00461.jpg,subject11,False,True,-45.9569217386233,23.508756916659078,6.033813756556076,
subject11_frame00488.jpg,subject11,False,True,-4.017744184005713,25.01663178837127,2.5594615859321066,
subject11_frame00595.jpg,subject11,False,True,-63.89802008555102,27.232602300309072,-3.415203091622658,
subject11_frame00622.jpg,subject11,False,True,-44.000597670252155,25.670523152847032,-8.499739624357499,
subject11_frame00676.jpg,subject11,False,True,-60.17077603722872,15.661840825215068,-1.3390434475952362,
subject11_frame00703.jpg,subject11,False,True,-50.73709759942102,23.103085222761074,-2.281262518293674,
subject11_frame00729.jpg,subject11,False,True,-55.80800272136575,19.072108570346256,-4.043914194497956,
subject11_frame00756.jpg,subject11,False,True,-25.654439973160894,36.018612054212035,-7.6873100142502,
subject11_frame00785.jpg,subject11,False,False,,,,True
subject11_frame00786.jpg,subject11,False,False,,,,True
subject11_frame00787.jpg,subject11,False,False,,,,True
subject11_frame00789.jpg,subject11,False,False,,,,True
subject11_frame00791.jpg,subject11,False,False,,,,True
subject11_frame00792.jpg,subject11,False,False,,,,True
subject11_frame00793.jpg,subject11,False,False,,,,True
subject11_frame00794.jpg,subject11,False,False,,,,True
subject11_frame00795.jpg,subject11,False,False,,,,True
subject11_frame00797.jpg,subject11,False,False,,,,True
subject11_frame00798.jpg,subject11,False,False,,,,True
subject11_frame00799.jpg,subject11,False,False,,,,True
subject11_frame00800.jpg,subject11,False,False,,,,True
subject11_frame00801.jpg,subject11,False,True,-16.28966545999582,2.379284714269791,-7.220399636915209,
subject11_frame00802.jpg,subject11,False,True,-26.2872752830179,18.233601133109843,-2.5553457269189512,
subject11_frame00803.jpg,subject11,False,True,-16.955657409593545,5.104707596333644,-10.000258088567922,
subject11_frame00804.jpg,subject11,False,True,-11.124003048183512,6.240646800039266,-6.147664874622166,
subject11_frame00805.jpg,subject11,False,True,-11.653597853793608,4.371581233314881,-1.828172315388372,
subject11_frame00806.jpg,subject11,False,True,-36.54722665598668,13.233732992985296,-5.366645073657943,
subject11_frame00807.jpg,subject11,False,True,-39.944443170103746,12.371632914035803,-10.853260110621937,
subject11_frame00808.jpg,subject11,False,True,-31.1019370036649,12.84522350794067,-5.86046546872944,
subject11_frame00809.jpg,subject11,False,True,-36.29882611258713,10.482504109314409,-6.4898659871579785,
subject11_frame00810.jpg,subject11,False,True,-42.47541867767149,9.36130144339291,-9.481075815083477,
subject11_frame00811.jpg,subject11,False,True,-28.763057829798353,15.036057426241511,-8.242147277224902,
subject11_frame00812.jpg,subject11,False,True,-3.7541114172836982,7.7714063319636075,-2.6380964410829613,
subject11_frame00813.jpg,subject11,False,True,-25.45699586016551,18.36030491418955,-8.847777768307933,
subject11_frame00814.jpg,subject11,False,True,-23.26393747038485,21.985313023035115,-6.896908922996139,
subject11_frame00815.jpg,subject11,False,True,-24.716279920603984,22.799705248825482,-8.525112425044993,
subject11_frame00816.jpg,subject11,False,True,-8.348665856142127,7.181579263234801,-2.8738824081674417,
subject11_frame00817.jpg,subject11,False,True,-28.887570383550145,18.30220789963409,-9.210223763253937,
subject11_frame00818.jpg,subject11,False,True,-26.89272538285074,8.102084583058174,-4.317952407680697,
subject11_frame00819.jpg,subject11,False,True,-6.647885203794227,9.395886252783393,-4.607801493145504,
subject11_frame00820.jpg,subject11,False,True,-22.133135534850503,13.558427059768578,-7.252767958375471,
subject11_frame00821.jpg,subject11,False,True,-30.137614747787502,19.516079147890153,-0.15540606623666875,
subject11_frame00823.jpg,subject11,False,True,-41.49878236905695,13.083820168100033,-2.1178473580062795,
subject11_frame00824.jpg,subject11,False,True,-23.390647758460986,13.31537114735637,-1.9743190933166204,
subject11_frame00825.jpg,subject11,False,True,-48.69738927658403,10.663347674067033,-2.665523785660489,
subject11_frame00826.jpg,subject11,False,True,-31.137969372041766,16.435576160680387,-6.973518906954747,
subject11_frame00827.jpg,subject11,False,True,-39.64394887198106,9.473011838008551,-7.060508858855885,
subject11_frame00828.jpg,subject11,False,True,-28.8778783837885,13.629711936613383,-8.540383668276672,
subject11_frame00829.jpg,subject11,False,True,-28.657019346252216,14.236604534228807,-6.125438332714621,
subject11_frame00841.jpg,subject11,False,True,-52.526403441645485,23.53312513889493,2.2952639869479032,
subject11_frame00842.jpg,subject11,False,True,-42.375362052723005,24.84958303481343,-1.9526966672771229,
subject11_frame00843.jpg,subject11,False,True,-48.99901392951286,23.382848983775848,-3.31349774801509,
subject11_frame00844.jpg,subject11,False,True,-46.122167883367375,26.32724126643647,-1.9737604452544357,
subject11_frame00845.jpg,subject11,False,True,-51.7632931098519,22.49377379046663,0.4409629633479505,
subject11_frame00846.jpg,subject11,False,True,-50.410501193747486,26.378710035229552,-1.7663536285257826,
subject11_frame00847.jpg,subject11,False,True,-48.79285658943414,23.78095024683811,-3.0011422784087673,
subject11_frame00848.jpg,subject11,False,True,-50.199069339704955,22.23468902568391,-6.08169741879087,
subject11_frame00849.jpg,subject11,False,True,-51.89089640370834,23.66873384427219,-0.7857632111164209,
subject11_frame00850.jpg,subject11,False,True,-44.59181445097521,24.801813454899996,-4.7282751896870705,
subject11_frame00851.jpg,subject11,False,True,-49.44253060985232,24.653635231773553,-6.71936036643847,
subject11_frame00852.jpg,subject11,False,True,-50.02532402376736,22.462851360476893,-4.633539438167515,
subject11_frame00853.jpg,subject11,False,True,-46.264159684017066,23.81740399885853,-6.9688422011982505,
subject11_frame00854.jpg,subject11,False,True,-39.72734370557393,22.315363267295073,-11.859868642792032,
subject11_frame00856.jpg,subject11,False,True,-48.46114871265607,25.673539312995366,3.085803779697721,
subject11_frame00857.jpg,subject11,False,True,-40.02524663681808,25.45102933799638,-2.7000809251192104,
subject11_frame00858.jpg,subject11,False,True,-36.67838999530881,26.159811087937324,-2.8939034452735437,
subject11_frame00859.jpg,subject11,False,True,-41.96902198783061,23.591574184028385,-6.296327212051613,
subject11_frame00860.jpg,subject11,False,True,-52.27021970689563,22.246872193225023,-3.934424939848495,
subject11_frame00861.jpg,subject11,False,True,-48.48188895150431,16.82352567764496,-7.820303330081873,
subject11_frame00862.jpg,subject11,False,True,-48.77229346487454,15.40368273818111,-3.8807115081732357,
subject11_frame00875.jpg,subject11,False,True,-51.72853389692682,29.05177206873793,-6.536701597473285,
subject11_frame00876.jpg,subject11,False,True,-11.467723864490518,-4.081337782041578,-2.466484423768395,
subject11_frame00877.jpg,subject11,False,True,-45.31468920261321,40.00225885962104,-14.483258033689046,
subject11_frame00878.jpg,subject11,False,True,-53.06431707256274,34.27311948814349,-14.028617089333556,
subject11_frame00880.jpg,subject11,False,True,-51.07842835423513,26.637848913534093,-3.5713220076996905,
subject11_frame00881.jpg,subject11,False,True,-41.52003938483718,18.153182252354423,2.640145031748794,
subject11_frame00907.jpg,subject11,False,True,-48.7960522347596,27.529717468804115,-7.97522704546104,
subject11_frame00933.jpg,subject11,False,True,-54.52053213559087,21.852328226435866,-0.299395014965679,
subject11_frame00960.jpg,subject11,False,True,-59.73038585441423,22.124695893608855,2.280253177252384,
subject11_frame00987.jpg,subject11,False,True,-18.94926413823258,-1.249158324411172,18.89495966538002,
subject11_frame01014.jpg,subject11,False,False,,,,True
subject11_frame01034.jpg,subject11,False,True,-23.782191559292098,7.648756508981799,4.090019063808021,
subject11_frame01035.jpg,subject11,False,True,-30.039903379609328,41.32714865591208,8.376384109436772,
subject11_frame01039.jpg,subject11,False,True,-27.410130047649606,43.754150479767404,7.2952496307398444,
subject11_frame01040.jpg,subject11,False,True,-27.337305327722973,40.2006319666399,3.8230509314382766,
subject11_frame01041.jpg,subject11,False,True,-30.62944725891152,38.59452094883389,-1.689109129616235,
subject11_frame01042.jpg,subject11,False,True,-29.341883063042083,44.822549750831314,0.30095633959049534,
subject11_frame01043.jpg,subject11,False,True,-27.011560957399237,39.21889285897582,6.551121772887129,
subject11_frame01044.jpg,subject11,False,True,-19.19787418970021,47.785250080871776,6.61259414389825,
subject11_frame01049.jpg,subject11,False,True,-42.9358659418704,10.683196512824106,4.250784408693022,
subject11_frame01050.jpg,subject11,False,True,-7.140849672994229,-27.616917785674108,5.936528079651224,
subject11_frame01051.jpg,subject11,False,True,-12.293021064160987,-12.22331428850222,6.967283424912008,
subject11_frame01052.jpg,subject11,False,True,-27.19326591321637,24.188497356491858,1.1753581094050545,
subject11_frame01053.jpg,subject11,False,True,-38.68993566392619,23.440227658126943,-4.415208111673946,
subject11_frame01054.jpg,subject11,False,True,-44.376531432012676,11.965586146691999,3.9416046440856483,
subject12_frame00000.jpg,subject12,False,True,-3.7484371608494715,-8.694655043505646,5.616335547948877,
subject12_frame00002.jpg,subject12,False,True,-6.778164647604222,1.1860048541289125,6.6029726167236555,
subject12_frame00003.jpg,subject12,False,True,-14.670251582633975,-5.206765159098137,6.064355667321047,
subject12_frame00015.jpg,subject12,False,True,-37.5299357328065,12.58057163025187,-0.7884154258458629,
subject12_frame00016.jpg,subject12,False,True,-35.33891623211752,11.840594501049951,-1.9998224279334904,
subject12_frame00017.jpg,subject12,False,True,-31.914243197979328,1.3770852420415145,2.518032339107627,
subject12_frame00018.jpg,subject12,False,True,-36.973911455958124,4.153121701888588,1.0371380552447294,
subject12_frame00019.jpg,subject12,False,True,-31.181680356312086,11.826049423810826,-0.38220365956888885,
subject12_frame00020.jpg,subject12,False,True,-33.30172104729841,9.549611479128481,1.169935393513219,
subject12_frame00021.jpg,subject12,False,True,-29.02352379925493,12.6429696425525,-1.4499658802642816,
subject12_frame00048.jpg,subject12,False,True,-36.5801272974854,15.892026622323973,2.747991977026124,
subject12_frame00083.jpg,subject12,False,True,-39.9443256784015,15.948661938351568,6.329420008222779,
subject12_frame00152.jpg,subject12,False,False,,,,True
subject12_frame00221.jpg,subject12,False,False,,,,True
subject12_frame00291.jpg,subject12,False,False,,,,True
subject12_frame00325.jpg,subject12,False,False,,,,True
subject12_frame00393.jpg,subject12,False,True,-41.15448800370267,-1.9172540246165297,4.907826597506465,
subject12_frame00394.jpg,subject12,False,True,-41.923880170057735,-6.3168222268251615,1.8958979903610824,
subject12_frame00395.jpg,subject12,False,True,-22.503212688049672,14.90824790297456,-3.694759730063463,
subject12_frame00397.jpg,subject12,False,True,-15.237213998969947,5.864786684735703,-0.24257606692926606,
subject12_frame00432.jpg,subject12,False,True,-38.08798878302268,16.100699580849273,-6.475414756222445,
subject12_frame00501.jpg,subject12,False,True,-20.22625211018231,3.490921872156407,3.5065688072121763,
subject12_frame00536.jpg,subject12,False,True,-49.60554763031754,11.972035190561863,-3.526391529369399,
subject12_frame00544.jpg,subject12,False,True,-40.66040232101228,17.429113414034916,-2.6029057825493953,
subject12_frame00545.jpg,subject12,False,True,-34.24986571475457,17.70943563653156,-1.4532235116075067,
subject12_frame00546.jpg,subject12,False,True,-31.4274529166316,19.673737917155854,-3.2818457208920706,
subject12_frame00548.jpg,subject12,False,True,-9.47902803433892,4.071545800695465,-0.4812159678031429,
subject12_frame00549.jpg,subject12,False,True,-25.31060192435972,26.100806541214546,-5.626124738695146,
subject12_frame00550.jpg,subject12,False,True,-25.108221094160186,2.4283187265530444,-3.6244865339675103,
subject12_frame00554.jpg,subject12,False,True,-20.838903370111264,29.263873869251647,6.088192530184515,
subject12_frame00555.jpg,subject12,False,True,-10.04813954342147,4.011019696210352,5.664250798278833,
subject12_frame00556.jpg,subject12,False,True,-9.820369389860135,18.601522029253513,3.216690704249847,
subject12_frame00557.jpg,subject12,False,True,-32.81889135647029,29.58123894566682,0.2146830174780544,
subject12_frame00558.jpg,subject12,False,True,-14.52713594336922,23.864236537638988,3.293426511825612,
subject12_frame00559.jpg,subject12,False,True,-16.64890891308249,1.8679684221109998,4.014560778423846,
subject12_frame00561.jpg,subject12,False,True,-34.522357226401525,20.176456258213957,-3.3319680906770515,
subject12_frame00563.jpg,subject12,False,True,-32.675312946865745,23.233398114770107,-3.1285440690316046,
subject12_frame00565.jpg,subject12,False,True,-16.595695606822282,6.363195809265442,2.7843024310160702,
subject12_frame00566.jpg,subject12,False,True,-13.477985775807438,22.92645410265521,4.372404407726503,
subject12_frame00569.jpg,subject12,False,True,-30.083713922949833,25.321515128440215,-2.9009720872870677,
subject12_frame00570.jpg,subject12,False,True,-36.466208277113004,20.673122693852406,-4.015555136525016,
subject12_frame00571.jpg,subject12,False,True,-32.44805003002448,22.88052520223352,-1.557209413057352,
subject12_frame00572.jpg,subject12,False,True,-35.434461550777314,24.16515220262573,0.553041611329058,
subject12_frame00573.jpg,subject12,False,True,-29.94072396115115,25.994888822124615,-1.770725267490898,
subject12_frame00574.jpg,subject12,False,True,-31.46598109917442,20.271679954697632,-2.0581187589747447,
subject12_frame00575.jpg,subject12,False,True,-31.088557009129428,20.58149029445543,-2.274857284940498,
subject12_frame00576.jpg,subject12,False,True,-28.138303006766,21.39392784565046,-2.65794202834993,
subject12_frame00577.jpg,subject12,False,True,-35.662709171422904,18.56300256062779,-0.7951410395978694,
subject12_frame00578.jpg,subject12,False,True,-36.71207828485262,17.403469512622102,-1.381050265718888,
subject12_frame00579.jpg,subject12,False,True,-33.58326885630146,18.50073017983031,-1.132808415721273,
subject12_frame00581.jpg,subject12,False,True,-31.10239086501313,18.771602974115833,-2.3961054526283005,
subject12_frame00582.jpg,subject12,False,True,-20.95119518621469,7.306981151349595,5.065491114244531,
subject12_frame00583.jpg,subject12,False,True,-42.74826698352736,13.724771294666208,3.8030220585541272,
subject12_frame00595.jpg,subject12,False,True,-43.035446410600414,14.352710048337183,-1.5330822018303003,
subject12_frame00596.jpg,subject12,False,True,-41.51885896213799,15.923037110403605,-1.2872353590677685,
subject12_frame00597.jpg,subject12,False,True,-47.693322274767496,12.666137330512788,0.7906271683603601,
subject12_frame00598.jpg,subject12,False,True,-14.456747564293469,4.898260915680843,2.6558926020587608,
subject12_frame00599.jpg,subject12,False,True,-19.27886487826288,4.327336651053648,2.913395966982042,
subject12_frame00600.jpg,subject12,False,True,-30.44686369619928,-1.7690637625737606,-2.5037688902128634,
subject12_frame00601.jpg,subject12,False,True,-52.17987558540145,6.469571462689523,-4.35801864723604,
subject12_frame00602.jpg,subject12,False,True,-43.996260129968604,12.707378000512454,-2.106382070894143,
subject12_frame00603.jpg,subject12,False,True,-41.688330035743014,13.769400001148858,-2.8401812397006756,
subject12_frame00604.jpg,subject12,False,True,-40.17511055546875,20.04200708422317,-4.072648459051031,
subject12_frame00605.jpg,subject12,False,True,-35.94398627463526,21.426661864895706,-4.702731412046241,
subject12_frame00606.jpg,subject12,False,True,-34.843983344547034,20.39156611426765,-0.65820079704658,
subject12_frame00607.jpg,subject12,False,True,-36.22092663803509,20.530281275367248,-2.7353995078683018,
subject12_frame00608.jpg,subject12,False,True,-36.85521252097896,18.984089728172005,-3.6476932740816164,
subject12_frame00609.jpg,subject12,False,True,-34.10918192951047,20.650047809549317,-2.5517469806443587,
subject12_frame00610.jpg,subject12,False,True,-33.42769318410989,20.804004617145356,-2.49480062168059,
subject12_frame00611.jpg,subject12,False,True,-38.495669870105715,18.99054743539327,-1.1488694280899716,
subject12_frame00613.jpg,subject12,False,True,-38.48102003109514,17.88542194234822,-3.9853516493054655,
subject12_frame00618.jpg,subject12,False,True,-34.66710236885853,22.892985470113818,0.9440701959282595,
subject12_frame00619.jpg,subject12,False,True,-39.42310166847583,9.67645825881005,-2.10796772453427,
subject12_frame00620.jpg,subject12,False,True,-40.24348213471942,13.79561471954353,4.702369791964523,
subject12_frame00629.jpg,subject12,False,True,-42.46709452346206,11.95065621224259,-1.1834983211332883,
subject12_frame00630.jpg,subject12,False,True,-41.219919824939474,13.100236690957354,-1.097004347475978,
subject12_frame00631.jpg,subject12,False,True,-39.562312458966694,13.485853007422602,-0.2095961157789602,
subject12_frame00632.jpg,subject12,False,True,-42.278472480182984,11.969639348577362,-1.5599410575799741,
subject12_frame00636.jpg,subject12,False,True,-49.44492164016333,8.469175247718779,6.800558971874555,
subject12_frame00670.jpg,subject12,False,False,,,,True
subject12_frame00739.jpg,subject12,False,False,,,,True
subject12_frame00809.jpg,subject12,False,True,-15.246602862849455,8.606134196106522,2.3724841234878897,
subject12_frame00878.jpg,subject12,False,True,-19.022876051678757,15.177884063907761,4.863753705827156,
subject12_frame00913.jpg,subject12,False,False,,,,True
subject12_frame00947.jpg,subject12,False,False,,,,True
subject12_frame00982.jpg,subject12,False,True,-33.75217685901799,22.177303797721986,3.3662488478179817,
subject12_frame00985.jpg,subject12,False,True,-27.64399532402499,19.88463977421251,3.5748947837092038,
subject12_frame00986.jpg,subject12,False,True,-37.91887119402763,18.199898940284513,2.931694876647809,
subject12_frame00987.jpg,subject12,False,True,-36.363384018924464,19.383978974507095,2.7698210803303764,
subject12_frame00988.jpg,subject12,False,True,-10.904757050984326,19.4070850459383,4.069728192646945,
subject12_frame00989.jpg,subject12,False,True,-9.699700599010917,22.605341040377706,4.429979234430916,
subject12_frame00990.jpg,subject12,False,True,-27.33069330958,12.998522213528922,1.1759450492446428,
subject12_frame00991.jpg,subject12,False,True,-7.162330815405114,4.075282098029209,4.352346909611454,
subject12_frame00992.jpg,subject12,False,True,-43.18290959844703,16.695895070572046,1.5003038894942167,
subject12_frame00993.jpg,subject12,False,True,-45.080464553565065,14.273275216740277,-2.4937269950071874,
subject12_frame00994.jpg,subject12,False,True,-26.326519268356275,14.3903145817795,1.753018759207665,
subject12_frame00995.jpg,subject12,False,True,-41.124964773818,-4.957461035293378,5.580387571831294,
subject12_frame00996.jpg,subject12,False,True,-49.31108547142322,13.798463404083352,1.5066649555426292,
subject12_frame00997.jpg,subject12,False,True,-33.351655022628194,15.574592668939665,1.7505959641869095,
subject12_frame00998.jpg,subject12,False,True,-19.090730513179935,19.50305995502555,2.502297657116821,
subject12_frame00999.jpg,subject12,False,True,-26.921231679649367,20.372782512498425,-1.5051222436295966,
subject12_frame01000.jpg,subject12,False,True,-9.74711392893724,3.138915280834905,-0.018882447459123427,
subject12_frame01001.jpg,subject12,False,True,-21.74297809864623,19.701157548107222,-1.600179375032444,
subject12_frame01002.jpg,subject12,False,True,-34.868921758394336,18.499141268750428,-3.3101358273832475,
subject12_frame01003.jpg,subject12,False,True,-11.715487125872297,15.613180984147178,0.2718526718904757,
subject12_frame01004.jpg,subject12,False,True,-30.71807002658148,19.79100069104067,-2.4326779418330235,
subject12_frame01005.jpg,subject12,False,True,-28.861729872196147,20.773316455626297,-5.4252353033605125,
subject12_frame01006.jpg,subject12,False,True,-30.39624482192661,19.69297889420194,-3.7429350256579443,
subject12_frame01007.jpg,subject12,False,True,-21.116580948664442,18.877412813521666,-1.8905402232378938,
subject12_frame01008.jpg,subject12,False,True,-34.03405875851004,18.005479280701348,-4.055670235925748,
subject12_frame01009.jpg,subject12,False,True,-15.307358903166774,16.851537259154142,-0.3291953609903487,
subject12_frame01010.jpg,subject12,False,True,-12.414260526112963,4.808278601387013,-0.5849093323758259,
subject12_frame01011.jpg,subject12,False,True,-18.331584853514993,22.972547070836555,-2.030847743227082,
subject12_frame01012.jpg,subject12,False,True,-30.615820166127083,15.115096093597417,-1.9874431422793912,
subject12_frame01013.jpg,subject12,False,True,-27.544567226562833,14.993891982301559,1.3682583744611956,
subject12_frame01014.jpg,subject12,False,True,-23.07307523006707,-0.4949684359822921,-0.4431529924382851,
subject12_frame01015.jpg,subject12,False,True,-26.42516778543765,16.943018101559392,-0.6306347206701262,
subject12_frame01016.jpg,subject12,False,True,-28.77979414163076,16.17464127008796,0.5688653086315361,
subject12_frame01017.jpg,subject12,False,True,-36.964027546904056,16.85332612874173,-1.7398326034271474,
subject12_frame01018.jpg,subject12,False,True,-19.090476293901155,19.625399273229,0.9431615946556505,
subject12_frame01020.jpg,subject12,False,True,-23.116685388185548,19.626553013223898,1.7911911483501834,
subject12_frame01022.jpg,subject12,False,True,-17.61258105654862,18.891134604057225,3.2592156988262078,
subject12_frame01033.jpg,subject12,False,True,-31.035471627415728,14.337603623611388,1.2212803926658706,
subject12_frame01034.jpg,subject12,False,True,-39.79407756093715,15.97737777882353,2.3814774160770362,
subject12_frame01035.jpg,subject12,False,True,-38.71986195117677,18.290852579988933,4.251696902649745,
subject12_frame01036.jpg,subject12,False,True,-46.75825999753157,11.547828914516431,4.003750367867346,
subject12_frame01037.jpg,subject12,False,True,-50.39026359413495,12.716753908717434,4.960467751701099,
subject12_frame01038.jpg,subject12,False,True,-22.230928034585617,16.695251456424916,4.644201939577719,
subject12_frame01039.jpg,subject12,False,True,-25.299779809494694,16.881956724804922,-2.2167214997214355,
subject12_frame01040.jpg,subject12,False,True,-33.898245097683144,14.52077149810203,0.05533164603943481,
subject12_frame01041.jpg,subject12,False,True,-39.71355368779685,17.05085128102599,-2.8332560259348125,
subject12_frame01042.jpg,subject12,False,True,-14.98870869523862,3.163975455869741,0.2675235525684472,
subject12_frame01053.jpg,subject12,False,True,-14.5677273116134,15.486211301067787,7.057282473358492,
subject12_frame01054.jpg,subject12,False,True,-32.601000393425686,18.383163099218493,5.581674392446175,
subject12_frame01055.jpg,subject12,False,True,-14.580980329414816,16.225701151456864,5.865043252668075,
subject12_frame01056.jpg,subject12,False,True,-32.25666546134383,17.280703921634604,2.1053188092425197,
subject12_frame01057.jpg,subject12,False,True,-14.691207695595391,15.055807022235136,5.108998588632504,
subject12_frame01058.jpg,subject12,False,True,-15.216743874889499,1.447879850783586,4.369732586326041,
subject12_frame01059.jpg,subject12,False,True,-25.931960977212917,33.53685149283352,-9.0600688719465,
subject12_frame01060.jpg,subject12,False,True,-12.481085140500456,4.908250874212414,-1.9653847134467304,
subject12_frame01061.jpg,subject12,False,True,-8.557616167798109,8.166557870250626,1.1056067192286239,
subject12_frame01062.jpg,subject12,False,True,-8.47478002527124,8.58430232188263,1.4704692707271825,
subject12_frame01063.jpg,subject12,False,True,-5.774562242670408,8.078500998934995,-1.9760039623958683,
subject12_frame01064.jpg,subject12,False,True,-21.810028180752195,19.38939323826653,-0.9728581129979541,
subject12_frame01065.jpg,subject12,False,True,-28.00135818993345,23.87725118910254,-4.081956242227556,
subject12_frame01066.jpg,subject12,False,True,-10.859502899040464,7.588692124822745,-1.1754581633368624,
subject12_frame01068.jpg,subject12,False,True,-61.20587631028868,15.328062456608947,-0.39932060165054484,
subject12_frame01070.jpg,subject12,False,True,-49.16794526812346,15.233732488283264,7.2077003300032665,
subject12_frame01080.jpg,subject12,False,True,-21.9089003582946,31.53416966706059,-5.7846257951468845,
subject12_frame01081.jpg,subject12,False,True,-24.879123358942728,34.79234730590578,-6.770318761594756,
subject12_frame01084.jpg,subject12,False,True,-22.81216894281036,24.014803934790717,2.4311910104046985,
subject12_frame01154.jpg,subject12,False,False,,,,True
subject12_frame01223.jpg,subject12,False,True,-38.72377634117098,20.9433634460675,-1.4000030440853795,
subject12_frame01292.jpg,subject12,False,False,,,,True
subject12_frame01327.jpg,subject12,False,False,,,,True
subject12_frame01359.jpg,subject12,False,True,-39.138536713815064,3.6153396477506865,2.883295643667572,
subject12_frame01362.jpg,subject12,False,True,-39.77810932332013,10.047971341744635,0.12309972029301815,
subject13_frame00000.jpg,subject13,False,False,,,,True
subject13_frame00001.jpg,subject13,False,False,,,,True
subject13_frame00004.jpg,subject13,False,True,-24.407359117840514,23.072518059093856,-0.33068432601837755,
subject13_frame00015.jpg,subject13,False,True,-12.988516028268474,11.923221468661604,-2.891468342551985,
subject13_frame00033.jpg,subject13,False,True,-37.583142066156114,21.845178636559535,-7.257865946672802,
subject13_frame00059.jpg,subject13,False,True,-21.04965217375531,1.3223747741212415,-7.327269695529471,
subject13_frame00085.jpg,subject13,False,False,,,,True
subject13_frame00111.jpg,subject13,False,False,,,,True
subject13_frame00137.jpg,subject13,False,False,,,,True
subject13_frame00163.jpg,subject13,False,True,-23.423208516212192,1.462527507800922,4.991582336331245,
subject13_frame00191.jpg,subject13,False,True,-35.45487144499137,11.863719227468932,-8.198280762185103,
subject13_frame00194.jpg,subject13,False,True,-18.461316261102503,12.933912004945908,-9.536355936287027,
subject13_frame00198.jpg,subject13,False,False,,,,True
subject13_frame00201.jpg,subject13,False,True,-9.61138997997638,10.627583077745957,-5.5474691692514115,
subject13_frame00205.jpg,subject13,False,False,,,,True
subject13_frame00208.jpg,subject13,False,False,,,,True
subject13_frame00211.jpg,subject13,False,False,,,,True
subject13_frame00213.jpg,subject13,False,True,-19.436200004959307,19.803715504213738,-2.1193133184619652,
subject13_frame00239.jpg,subject13,False,True,-33.57575331122681,27.36203163932241,-7.601867483101366,
subject13_frame00265.jpg,subject13,False,False,,,,True
subject13_frame00291.jpg,subject13,False,True,-18.013645191516908,-1.844351904399259,3.7769008467377025,
subject13_frame00317.jpg,subject13,False,False,,,,False
subject13_frame00333.jpg,subject13,False,True,-31.629433905433743,9.825200991506762,-3.599577321997737,
subject13_frame00337.jpg,subject13,False,True,-20.61877006914432,2.31466170473474,-0.2753900219142963,
subject13_frame00340.jpg,subject13,False,True,-14.850173961854281,7.1249750440739,-10.895053365490117,
subject13_frame00344.jpg,subject13,False,True,-13.429696454406113,3.2938820217042024,-3.449552873813421,
subject13_frame00347.jpg,subject13,False,False,,,,True
subject13_frame00351.jpg,subject13,False,True,-38.80729405561312,2.935301478135924,-4.04152932526568,
subject13_frame00354.jpg,subject13,False,False,,,,True
subject13_frame00361.jpg,subject13,False,True,-21.32462987800707,20.92991137487077,-4.9572420880837855,
subject13_frame00378.jpg,subject13,False,True,-24.040390951994507,16.433849703737547,-5.19694096102494,
subject13_frame00404.jpg,subject13,False,True,-13.892855732442188,1.2624733208972871,0.7509917324180718,
subject13_frame00430.jpg,subject13,False,True,-41.39839232001503,12.5023361913547,-5.08627794052102,
subject13_frame00456.jpg,subject13,False,True,-27.441446646606934,16.61090215306943,-9.220587030757072,
subject13_frame00482.jpg,subject13,False,True,-41.749328085168706,21.05868276473552,-7.327005823849267,
subject13_frame00508.jpg,subject13,False,False,,,,True
subject13_frame00534.jpg,subject13,False,True,-33.21067054743472,22.50770533463072,-3.440935715709481,
subject13_frame00547.jpg,subject13,False,True,-24.10476405617305,27.628923122759883,-6.598588264833825,
subject13_frame00551.jpg,subject13,False,True,-10.29593409077718,13.235253582719501,-6.239061716772954,
subject13_frame00554.jpg,subject13,False,False,,,,True
subject13_frame00558.jpg,subject13,False,False,,,,True
subject13_frame00561.jpg,subject13,False,False,,,,True
subject13_frame00565.jpg,subject13,False,False,,,,True
subject13_frame00568.jpg,subject13,False,False,,,,True
subject13_frame00575.jpg,subject13,False,True,-13.519769407706848,7.288845352456404,-10.062500300548223,
subject13_frame00578.jpg,subject13,False,False,,,,True
subject13_frame00582.jpg,subject13,False,False,,,,True
subject13_frame00585.jpg,subject13,False,False,,,,True
subject13_frame00599.jpg,subject13,False,True,-16.564991197390878,25.083566159636444,-5.189595187068531,
subject13_frame00610.jpg,subject13,False,True,-40.98451422497628,-8.267268927003515,5.629834959799174,
subject13_frame00613.jpg,subject13,False,False,,,,True
subject13_frame00635.jpg,subject13,False,True,-22.513387387344252,0.05026904693850408,-2.0616687136585905,
subject13_frame00661.jpg,subject13,False,True,-13.879862349999156,-10.99695475574555,3.6476551364398104,
subject13_frame00682.jpg,subject13,False,True,-23.01725284114212,0.9616938749949108,-5.357102734359181,
subject13_frame00685.jpg,subject13,False,True,-17.834215791560755,-0.7814062939352512,1.6639385046374533,
subject13_frame00694.jpg,subject13,False,False,,,,True
subject13_frame00697.jpg,subject13,False,False,,,,True
subject13_frame00704.jpg,subject13,False,True,-38.972596084302644,9.392023507345755,-7.678026483172267,
subject13_frame00707.jpg,subject13,False,True,-30.503575952633923,-1.9293487977497696,4.643244924610629,
subject13_frame00735.jpg,subject13,False,True,-18.478112531304344,23.40432189994602,-4.308878059028574,
subject13_frame00750.jpg,subject13,False,True,-29.230983626479453,31.02438980206035,-8.584319852521466,
subject13_frame00753.jpg,subject13,False,False,,,,True
subject13_frame00757.jpg,subject13,False,True,-44.88990422427266,8.183322452656336,1.8472666845462267,
subject13_frame00760.jpg,subject13,False,True,-21.79157438467006,13.787078891197769,-0.6566038972536634,
subject13_frame00767.jpg,subject13,False,True,-26.26973627508368,0.8735762082259239,-14.469450911614086,
subject13_frame00774.jpg,subject13,False,True,-24.16122547101531,23.973142932431482,-5.416792117152531,
subject13_frame00777.jpg,subject13,False,False,,,,True
subject13_frame00781.jpg,subject13,False,True,-42.327661571728605,21.71880895916453,-5.7853132113415535,
subject13_frame00784.jpg,subject13,False,True,-30.0933116795786,20.8100750491248,-8.726287661243962,
subject13_frame00788.jpg,subject13,False,False,,,,True
subject13_frame00794.jpg,subject13,False,True,-20.99452472839538,7.119720746318423,3.052844754113873,
subject13_frame00801.jpg,subject13,False,True,-9.146159192995471,-2.2901932521718935,0.8206176660671745,
subject13_frame00805.jpg,subject13,False,True,-10.181587385891518,3.0038990949708397,-6.948385020842842,
subject13_frame00808.jpg,subject13,False,True,-21.77171187046831,19.31393970089722,-10.498489642788021,
subject13_frame00812.jpg,subject13,False,True,-22.64745822101761,10.450142398924946,-1.56742938222387,
subject13_frame00815.jpg,subject13,False,True,-23.203539526588006,15.222368362883364,2.5580495014459426,
subject13_frame00825.jpg,subject13,False,True,-19.256497394891092,5.341488415556398,-11.896135315849994,
subject13_frame00829.jpg,subject13,False,True,-19.532388570488926,4.710960644515116,-6.555331166753066,
subject13_frame00833.jpg,subject13,False,True,-12.530956319499996,-4.483103165868497,-6.288803177677555,
subject13_frame00844.jpg,subject13,False,True,-20.389127596012276,13.714443469124202,-2.798143038840396,
subject13_frame00858.jpg,subject13,False,True,-53.70200242587929,22.322144942292244,3.9047635471442144,
subject13_frame00876.jpg,subject13,False,False,,,,True
subject13_frame00889.jpg,subject13,False,False,,,,True
subject13_frame00915.jpg,subject13,False,True,-40.92147861530285,14.85594956625872,2.0013786316377598,
subject13_frame00943.jpg,subject13,False,False,,,,True
subject13_frame00946.jpg,subject13,False,True,-21.235616498005545,2.8126180953884234,-14.951556082578783,
subject13_frame00950.jpg,subject13,False,False,,,,True
subject13_frame00957.jpg,subject13,False,False,,,,True
subject13_frame00974.jpg,subject13,False,False,,,,True
subject13_frame00977.jpg,subject13,False,False,,,,True
subject13_frame00984.jpg,subject13,False,True,-19.80655818973459,7.362490607156562,-14.789971193246409,
subject13_frame00988.jpg,subject13,False,False,,,,True
subject13_frame00998.jpg,subject13,False,True,-18.208941836073983,4.98718164591804,-11.380890610476722,
subject13_frame01002.jpg,subject13,False,True,-35.984908470087916,21.93325954143735,-3.155805867468605,
subject13_frame01005.jpg,subject13,False,False,,,,True
subject13_frame01008.jpg,subject13,False,True,-46.35126520224018,14.957266610235965,-2.2879438410619195,
subject13_frame01012.jpg,subject13,False,True,-0.48671174805482764,4.254919181278026,-8.724532621218586,
subject13_frame01015.jpg,subject13,False,True,-7.579859332299827,2.4931033531327413,-8.264757672397016,
subject13_frame01019.jpg,subject13,False,True,-16.81502831928068,10.912840200428542,-10.5968779168368,
subject13_frame01022.jpg,subject13,False,True,-46.930192609840354,28.926509774078323,-6.957099339274547,
subject13_frame01029.jpg,subject13,False,False,,,,True
subject13_frame01036.jpg,subject13,False,False,,,,True
subject13_frame01046.jpg,subject13,False,False,,,,True
subject13_frame01050.jpg,subject13,False,False,,,,True
subject13_frame01051.jpg,subject13,False,False,,,,True
subject13_frame01086.jpg,subject13,False,False,,,,True
subject13_frame01090.jpg,subject13,False,True,-8.689652174408444,0.42104991525282587,-9.994675682650625,
subject13_frame01093.jpg,subject13,False,True,-6.825364410401007,-4.098368683119527,-5.703719790308292,
subject13_frame01097.jpg,subject13,False,True,-22.871510742480588,27.75592958249254,-16.073518091343843,
subject13_frame01100.jpg,subject13,False,False,,,,True
subject13_frame01110.jpg,subject13,False,False,,,,True
subject13_frame01113.jpg,subject13,False,True,-21.853003877773435,17.760529988382277,-4.525124367860582,
subject13_frame01117.jpg,subject13,False,True,-5.065400268744269,-2.596051208254668,0.09884837515493596,
subject13_frame01120.jpg,subject13,False,True,-18.46035264456166,21.54115786601308,-5.94215151000445,
subject13_frame01124.jpg,subject13,False,True,-18.45101733810877,-3.4664197488086166,-1.025124859618221,
subject13_frame01127.jpg,subject13,False,True,-39.17111277329826,15.20377762434958,-4.222936611631114,
subject13_frame01133.jpg,subject13,False,True,-20.077715896590597,-13.13249196429246,1.5527332775937233,
subject13_frame01136.jpg,subject13,False,True,-25.97465215822674,-8.759184431119278,0.6912636722014303,
subject13_frame01139.jpg,subject13,False,True,-23.778345348481054,2.9154483980009003,0.8060931458643193,
subject13_frame01143.jpg,subject13,False,True,-17.675361367146216,-4.667587332571905,-3.380625622197549,
subject13_frame01146.jpg,subject13,False,True,-48.57337842322951,11.690620495552633,-7.785577684842003,
subject13_frame01152.jpg,subject13,False,False,,,,True
subject13_frame01158.jpg,subject13,False,True,-24.114436510406048,20.41042563925319,3.9120388714496936,
subject13_frame01168.jpg,subject13,False,True,-9.47864705968907,-2.0593272104701086,6.784075901110607,
subject13_frame01175.jpg,subject13,False,True,-25.132917791116938,1.78884887756266,-2.4238167258117347,
subject13_frame01178.jpg,subject13,False,True,-27.36734827941274,27.081074219298053,-4.73601705157044,
subject13_frame01185.jpg,subject13,False,True,-28.30912096626287,15.980851940250458,5.931751459315579,
subject13_frame01211.jpg,subject13,False,True,-27.45726076260962,-0.48736384303635655,0.2198893498915362,
subject13_frame01234.jpg,subject13,False,True,-45.96224218527825,4.189428122687091,-9.043585846573322,
subject13_frame01245.jpg,subject13,False,True,-17.736583527875005,18.354558598032668,-4.337607926087792,
subject13_frame01249.jpg,subject13,False,False,,,,True
subject13_frame01256.jpg,subject13,False,False,,,,True
subject13_frame01259.jpg,subject13,False,True,-21.51852116943939,30.8536025300218,-0.38412571326638895,
subject13_frame01263.jpg,subject13,False,True,-14.984836035992226,15.45294670756753,-3.096314713359128,
subject13_frame01266.jpg,subject13,False,True,-14.530003578827507,-5.097992552236515,-4.94118655990555,
subject13_frame01269.jpg,subject13,False,True,-16.257197482782477,14.494067044651882,-4.202143234138112,
subject13_frame01273.jpg,subject13,False,False,,,,True
subject13_frame01280.jpg,subject13,False,False,,,,True
subject13_frame01307.jpg,subject13,False,True,-21.86869494687768,27.82331094940979,-0.9820299079250352,
subject13_frame01321.jpg,subject13,False,False,,,,True
subject13_frame01324.jpg,subject13,False,True,-1.71004226004731,0.43030470230173584,-4.808900854266011,
subject13_frame01343.jpg,subject13,False,True,-25.395821092260825,12.115727509159372,-1.8315301846935494,
subject13_frame01346.jpg,subject13,False,True,-20.362956631260044,15.33429537498662,-3.2070048922842593,
subject13_frame01352.jpg,subject13,False,True,-39.69355951179903,18.989042597828476,-2.6693729586694723,
subject13_frame01387.jpg,subject13,False,True,-24.2506552747011,1.8698250191779242,-2.8521062989368207,
subject13_frame01394.jpg,subject13,False,True,-12.094235613512257,30.866704089603658,-2.590089134431317,
subject13_frame01398.jpg,subject13,False,True,-9.114858744953372,11.111889985286197,0.49950807744316744,
subject13_frame01401.jpg,subject13,False,True,-12.572684614408074,11.696050820314312,-3.307831485640219,
subject13_frame01405.jpg,subject13,False,False,,,,True
subject13_frame01428.jpg,subject13,False,True,-16.978649722285184,-1.4318252840677073,-2.957397629681068,
subject13_frame01431.jpg,subject13,False,True,-39.217458655432665,5.223236255741676,-3.6726142496445426,
subject13_frame01437.jpg,subject13,False,True,-13.71018054657544,0.23939971768287854,5.99796195874265,
subject13_frame01440.jpg,subject13,False,True,-20.75664698565106,-4.4223514053462365,6.767505847143106,
subject24_phonewin_0291.00s.jpg,subject24,True,False,,,,True
subject24_phonewin_0291.20s.jpg,subject24,True,False,,,,True
subject24_phonewin_0291.40s.jpg,subject24,False,False,,,,True
subject24_phonewin_0292.20s.jpg,subject24,True,False,,,,True
subject24_phonewin_0292.40s.jpg,subject24,False,False,,,,True
subject24_phonewin_0292.60s.jpg,subject24,True,False,,,,True
subject24_phonewin_0292.80s.jpg,subject24,False,False,,,,True
subject24_phonewin_0293.00s.jpg,subject24,True,False,,,,True
subject24_phonewin_0293.20s.jpg,subject24,True,False,,,,True
subject24_phonewin_0293.60s.jpg,subject24,False,True,-46.01085186833763,7.03713010785975,-6.814757498796496,
subject24_phonewin_0294.00s.jpg,subject24,True,True,-51.015476059667556,1.3417426513569726,-7.706189400458374,
subject24_phonewin_0294.20s.jpg,subject24,True,True,-53.42987324768373,3.3188753933833777,-6.511271756341559,
subject24_phonewin_0294.60s.jpg,subject24,True,True,-43.783185192876054,9.253950912584925,-7.721908639842659,
subject24_phonewin_0294.80s.jpg,subject24,True,True,-18.335104809033595,1.8713580172953261,-5.491283653404432,
subject24_phonewin_0295.00s.jpg,subject24,True,True,-47.76145091519363,13.953410190358838,-5.975910887912181,
subject24_phonewin_0295.40s.jpg,subject24,True,True,-49.078144883655725,12.99636838451393,-2.9974954824271824,
subject24_phonewin_0295.60s.jpg,subject24,True,True,-39.35957142005882,9.68733858946451,-3.358223721857939,
subject24_phonewin_0295.80s.jpg,subject24,True,True,-47.587641292671115,9.528123614138112,-5.372604800157116,
subject24_phonewin_0296.00s.jpg,subject24,True,True,-46.3014469288502,12.119810555923726,-6.295332624034949,
subject24_phonewin_0296.20s.jpg,subject24,True,True,-49.848349223465895,13.331337175714419,-7.234942487424324,
subject24_phonewin_0296.40s.jpg,subject24,True,True,-46.01475368324745,13.6604132235997,-8.110984921187288,
subject24_phonewin_0296.60s.jpg,subject24,True,True,-48.28210823232659,13.963321887992706,-7.921446894155916,
subject24_phonewin_0296.80s.jpg,subject24,True,True,-50.363895968535616,13.053068879481879,-3.9549695036855574,
subject24_phonewin_0297.00s.jpg,subject24,True,True,-43.68021023996246,20.799615775981454,-10.9594441674712,
subject24_phonewin_0297.20s.jpg,subject24,True,True,-46.48324215112327,18.738245196240978,-9.482344058840315,
subject24_phonewin_0297.40s.jpg,subject24,True,True,-38.807559009442535,21.780983391972224,-9.509377013413296,
subject24_phonewin_0297.60s.jpg,subject24,True,True,-38.91857289206227,23.48073178917266,-11.164787923637194,
subject24_phonewin_0297.80s.jpg,subject24,True,True,-41.17290953517109,22.841189318823556,-12.398893959820397,
subject24_phonewin_0298.00s.jpg,subject24,True,True,-43.8502948172627,20.839639739081857,-11.241836934782922,
subject24_phonewin_0298.20s.jpg,subject24,True,True,-45.30804969464205,20.44491302089511,-9.576898538604748,
subject24_phonewin_0298.60s.jpg,subject24,True,True,-50.5088872893596,16.163768745457624,-7.090553816464602,
subject24_phonewin_0298.80s.jpg,subject24,True,True,-39.98633279861383,22.722501547616883,-8.524002123497308,
subject24_phonewin_0299.00s.jpg,subject24,True,True,-41.94531807129216,23.012938199970343,-10.629471014973758,
subject24_phonewin_0299.20s.jpg,subject24,True,True,-35.874601539458574,26.310282195970352,-9.888496239734822,
subject24_phonewin_0299.40s.jpg,subject24,True,True,-41.93199280757445,25.983263890867292,-12.668236624149628,
subject24_phonewin_0299.60s.jpg,subject24,True,True,-42.81578296253506,24.238224946697226,-11.4896671935445,
subject24_phonewin_0299.80s.jpg,subject24,True,True,-44.11990943899437,24.72654162959613,-10.868879599885764,
subject24_phonewin_0300.00s.jpg,subject24,True,True,-40.703666330270416,24.80589538801975,-8.646466932689517,
subject24_phonewin_0300.20s.jpg,subject24,True,True,-14.59276218169257,3.156443569288375,-2.1775533497750534,
subject24_phonewin_0300.40s.jpg,subject24,True,True,-39.96392817561518,25.016587569527974,-11.112841843244295,
subject24_phonewin_0300.80s.jpg,subject24,True,True,-12.39929100970494,2.4468352723147717,-3.4248959128775414,
subject24_phonewin_0301.20s.jpg,subject24,True,True,-40.91692854087662,22.754950126429186,-7.971075002716235,
subject24_phonewin_0301.40s.jpg,subject24,True,True,-42.10908375039659,21.9362534811734,-9.695822880426656,
subject24_phonewin_0301.80s.jpg,subject24,True,True,-50.24282892756005,16.766820097923414,-8.195094217534066,
subject24_phonewin_0302.20s.jpg,subject24,True,True,-45.93951540191096,18.74341338907445,-6.434026415776978,
subject24_phonewin_0302.40s.jpg,subject24,True,True,-42.70554032934186,19.629929793758635,-8.616398281146505,
subject24_phonewin_0302.60s.jpg,subject24,True,True,-13.940309671194488,4.007671707844668,-4.277755403648306,
subject24_phonewin_0302.80s.jpg,subject24,True,True,-14.576054251746204,4.736035512069877,-4.831233903340446,
subject24_phonewin_0303.00s.jpg,subject24,True,True,-46.005535843993584,17.205531862320736,-9.102867884215355,
subject24_phonewin_0303.20s.jpg,subject24,True,True,-51.63509259949311,14.945374807511952,-8.132471055112427,
subject24_phonewin_0303.40s.jpg,subject24,True,True,-46.47264036690717,17.571478804869404,-9.499377770010613,
subject24_phonewin_0303.60s.jpg,subject24,True,True,-51.131970762184636,17.50738404846266,-5.556856643668239,
subject24_phonewin_0304.00s.jpg,subject24,True,True,-48.01212531796959,16.806085478068674,-8.08407392451658,
subject24_phonewin_0304.20s.jpg,subject24,True,True,-44.9969509682952,16.950015576705123,-7.924449714565741,
subject24_phonewin_0304.60s.jpg,subject24,True,True,-42.1242242656553,18.91633147652292,-8.446458993020736,
subject24_phonewin_0305.00s.jpg,subject24,True,True,-44.088867058702256,19.327465460298935,-7.617665278568733,
subject24_phonewin_0305.20s.jpg,subject24,True,True,-46.92334427081964,17.801613066053108,-6.595110385400895,
subject24_phonewin_0305.40s.jpg,subject24,True,True,-39.54376599545749,24.391932425896037,-9.60516123005253,
subject24_phonewin_0305.60s.jpg,subject24,True,True,-12.896480572320877,4.4159803986404915,-4.340573834846856,
subject24_phonewin_0305.80s.jpg,subject24,True,True,-42.10244423521498,24.45403957101151,-8.67477584696561,
subject24_phonewin_0306.00s.jpg,subject24,True,True,-38.68758947931745,23.11566368512133,-6.49814965833664,
subject24_phonewin_0306.20s.jpg,subject24,True,True,-42.62144686151054,22.69575649818351,-7.674443535682295,
subject24_phonewin_0306.40s.jpg,subject24,True,True,-10.586359444798665,2.6515006721217884,-4.162132159479368,
subject24_phonewin_0306.60s.jpg,subject24,True,True,-39.24026081061527,30.362062501000946,-12.170130657542162,
subject24_phonewin_0306.80s.jpg,subject24,True,True,-35.7816661069964,30.98614222120988,-12.400360221550637,
subject24_phonewin_0307.00s.jpg,subject24,True,True,-17.932370526502083,16.75285269224568,-5.573439098569924,
subject24_phonewin_0307.20s.jpg,subject24,True,True,-11.830557908333121,1.871621097339841,-3.897866480552168,
subject24_phonewin_0307.40s.jpg,subject24,True,True,-34.084081034827044,32.92861369813419,-12.01530908052406,
subject24_phonewin_0307.60s.jpg,subject24,True,True,-12.065882318103792,4.008140304663522,-5.636517970921538,
subject24_phonewin_0308.00s.jpg,subject24,True,True,-11.348018330947475,3.058777611625306,-5.184562371092682,
subject24_phonewin_0308.20s.jpg,subject24,True,True,-13.008987276878843,1.9176211250887223,-4.974168529407992,
subject24_phonewin_0308.40s.jpg,subject24,True,True,-12.663058334772458,2.192814419800604,-4.763871154695847,
subject24_phonewin_0308.60s.jpg,subject24,True,True,-39.32768679014933,31.15082664796548,-13.69857400159111,
subject24_phonewin_0308.80s.jpg,subject24,True,True,-30.602750230214948,23.08178302580172,-9.938464431411496,
subject24_phonewin_0309.00s.jpg,subject24,True,True,-38.45053680797907,26.901553880507674,-11.880385404929076,
subject24_phonewin_0309.20s.jpg,subject24,True,True,-34.21860348906529,27.357379850009913,-12.072929334463222,
subject24_phonewin_0309.40s.jpg,subject24,True,True,-39.93248954952696,25.734168718145554,-11.139870883244235,
subject24_phonewin_0309.80s.jpg,subject24,True,True,-40.39613979182743,24.627057111852718,-9.277106977618333,
subject24_phonewin_0310.00s.jpg,subject24,True,True,-43.9678136844594,23.543166687125076,-9.23352479845964,
subject24_phonewin_0310.20s.jpg,subject24,True,True,-43.86760687649374,23.069296178259442,-9.226692298455943,
subject24_phonewin_0310.40s.jpg,subject24,True,True,-48.58586681102704,20.32090204068946,-8.793238144728381,
subject24_phonewin_0310.60s.jpg,subject24,True,True,-45.25852469423188,22.71389225488618,-10.197265655821914,
subject24_phonewin_0310.80s.jpg,subject24,True,True,-46.4592224407729,22.077616521441918,-9.95685106766567,
subject24_phonewin_0311.20s.jpg,subject24,True,True,-42.49424705289762,23.685583414039144,-9.047936928825019,
subject24_phonewin_0311.40s.jpg,subject24,True,True,-44.25548456102542,23.392602987893174,-10.86948427852771,
subject24_phonewin_0311.60s.jpg,subject24,True,True,-48.34911969817466,22.08295611733935,-10.39336820546244,
subject24_phonewin_0311.80s.jpg,subject24,True,True,-45.9744905225925,21.861087795925343,-9.87281514412729,
subject24_phonewin_0312.00s.jpg,subject24,True,True,-42.963651661468276,22.890345270459242,-9.483026297756185,
subject24_phonewin_0312.20s.jpg,subject24,True,True,-45.636976283979976,22.79392986169982,-9.282249884696395,
subject24_phonewin_0312.40s.jpg,subject24,True,True,-43.604432176915914,24.50068788212555,-9.808611546216804,
subject24_phonewin_0312.60s.jpg,subject24,True,True,-46.664902549796295,22.848619950768807,-11.638575473114718,
subject24_phonewin_0313.00s.jpg,subject24,True,True,-42.425362518158046,25.328794244114086,-12.243886295831697,
subject24_phonewin_0313.20s.jpg,subject24,True,True,-41.15978448765702,25.701039859611658,-10.748309419288184,
subject24_phonewin_0313.40s.jpg,subject24,True,True,-42.311634002665976,23.963184788179174,-10.05763087791318,
subject24_phonewin_0313.60s.jpg,subject24,True,True,-4.750627531750202,23.0507854495404,-6.2679227764203524,
subject24_phonewin_0314.00s.jpg,subject24,True,True,-36.97521705795478,26.797894222458602,-11.995377482968225,
subject24_phonewin_0314.40s.jpg,subject24,True,True,-42.23645523140803,25.2914416236411,-12.613871577719388,
subject24_phonewin_0314.60s.jpg,subject24,True,True,-41.76559808203948,24.960563491152303,-12.065753668395901,
subject24_phonewin_0314.80s.jpg,subject24,True,True,-40.617315144821916,26.147264279228793,-11.119839928993587,
subject24_phonewin_0315.00s.jpg,subject24,True,True,-46.26802981355496,21.664273140135172,-9.914133242068006,
subject24_phonewin_0315.20s.jpg,subject24,True,True,-48.073640651140984,17.763614269283487,-6.106066817128485,
subject24_phonewin_0315.40s.jpg,subject24,True,True,-46.68870749739268,16.08443720652328,-9.366608030605903,
subject24_phonewin_0315.60s.jpg,subject24,True,True,-44.49763447990201,16.56373153138892,-8.091353026205026,
subject24_phonewin_0315.80s.jpg,subject24,True,True,-44.12619106857599,18.87414592465596,-9.153502855334583,
subject24_phonewin_0316.00s.jpg,subject24,True,True,-45.0733536377911,19.26771680153109,-10.009916061563976,
subject24_phonewin_0316.20s.jpg,subject24,True,True,-45.58968057151854,18.488122389285845,-8.730106289154694,
subject24_phonewin_0316.40s.jpg,subject24,True,True,-46.309365865818336,18.230804687426204,-6.724219088702247,
subject24_phonewin_0316.80s.jpg,subject24,True,True,-47.3993925589645,18.362122421821,-6.003013915434956,
subject24_phonewin_0317.00s.jpg,subject24,True,True,-48.37772194236209,18.14672822225042,-7.372929055835997,
subject24_phonewin_0317.20s.jpg,subject24,True,True,-46.39500286893839,18.47039021032393,-6.838056802919299,
subject24_phonewin_0317.60s.jpg,subject24,True,True,-45.33931783795772,18.17626162507212,-8.615373475209802,
subject24_phonewin_0318.00s.jpg,subject24,True,True,-44.63731668998951,19.60313605521876,-7.196717371363761,
subject24_phonewin_0318.20s.jpg,subject24,True,True,-45.837188104010664,19.40209108437266,-5.957180690312264,
subject24_phonewin_0318.40s.jpg,subject24,True,True,-44.2820032330676,18.93558631918951,-7.220062827536853,
subject24_phonewin_0318.60s.jpg,subject24,True,True,-49.969534621863865,17.52185747871852,-7.151823305028408,
subject24_phonewin_0318.80s.jpg,subject24,True,True,-48.83895608963374,17.645971571481528,-9.11504453682762,
subject24_phonewin_0319.20s.jpg,subject24,True,True,-47.41583075894951,18.72707511905574,-7.900974530540379,
subject24_phonewin_0319.40s.jpg,subject24,True,True,-46.87625111746529,18.37765791888152,-6.334029134719173,
subject24_phonewin_0319.60s.jpg,subject24,True,True,-47.71709878865533,18.47544762059417,-7.822984931326015,
subject24_phonewin_0319.80s.jpg,subject24,True,True,-45.68895458619926,19.22846091701648,-8.200184781515427,
subject24_phonewin_0320.00s.jpg,subject24,True,True,-45.92791584034302,18.76113656612189,-10.549200807542114,
subject24_phonewin_0320.20s.jpg,subject24,True,True,-45.00244393753311,20.007182260191716,-10.568432590112382,
subject24_phonewin_0320.40s.jpg,subject24,True,True,-47.483511242010294,18.55102756052062,-8.79609662099856,
subject24_phonewin_0320.60s.jpg,subject24,True,True,-43.207017545517886,20.006142639062904,-11.95673529903212,
subject24_phonewin_0320.80s.jpg,subject24,True,True,-23.587878532723934,2.4002968618603675,-6.876401446624975,
subject24_phonewin_0321.00s.jpg,subject24,True,True,-49.55705267596811,12.85797055969064,-6.084831627897056,
subject24_phonewin_0321.20s.jpg,subject24,True,True,-45.430409076546255,14.130931649509842,-6.608002281290909,
subject24_phonewin_0321.40s.jpg,subject24,True,True,-51.0919627678059,12.157044386503152,-5.653270086836756,
subject24_phonewin_0321.60s.jpg,subject24,True,True,-44.55021402474195,13.344317733476919,-9.917014944835662,
subject24_phonewin_0321.80s.jpg,subject24,True,True,-38.530379956096496,13.701189192160902,-7.059292974116503,
subject24_phonewin_0322.00s.jpg,subject24,True,True,-44.82941021351292,9.28702899578803,-4.887318258888899,
subject24_phonewin_0322.20s.jpg,subject24,True,True,-47.869868428593776,8.992465504989637,-5.829596518644736,
subject24_phonewin_0322.60s.jpg,subject24,True,True,-54.58678188371409,6.030118883577938,-5.502229493597485,
subject24_phonewin_0322.80s.jpg,subject24,False,False,,,,True
subject24_phonewin_0323.00s.jpg,subject24,False,False,,,,True
subject24_phonewin_0323.20s.jpg,subject24,True,False,,,,True
subject24_phonewin_0323.40s.jpg,subject24,False,False,,,,True
subject24_phonewin_0323.60s.jpg,subject24,False,True,-40.9312569558594,28.718943110793333,-4.363214130046081,
subject24_phonewin_0323.80s.jpg,subject24,True,True,-43.52314705187871,22.810179253297804,-7.640117730785539,
subject24_phonewin_0324.00s.jpg,subject24,False,True,-21.68689319110238,6.342456822495361,-5.201070627317388,
subject24_phonewin_0324.20s.jpg,subject24,True,True,-37.18335929836123,27.14986364561044,-8.65905306989538,
subject24_phonewin_0324.40s.jpg,subject24,True,True,-36.00261617167029,23.524777907424134,-7.460631901861556,
subject24_phonewin_0324.60s.jpg,subject24,True,True,-38.84217919385322,24.621855128451376,-8.99497595013904,
subject24_phonewin_0324.80s.jpg,subject24,True,True,-31.92710814339827,23.329744009905742,-10.360466700436051,
subject24_phonewin_0325.00s.jpg,subject24,False,True,-42.582737887538876,16.973194330705375,-8.237892600480022,
